# Blender 4.5.2 LTS
# www.blender.org
mtllib tripo_convert_ede12ce1-b196-47ea-9112-51861708ff7e.mtl
o tripo_node_ede12ce1-b196-47ea-9112-51861708ff7e
v 0.000503 0.433060 -0.387085
v 0.000675 0.345956 0.186447
v 0.002818 0.185059 -0.032345
v 0.006832 0.358643 -0.189743
v 0.011362 0.000092 0.144104
v 0.011986 0.709808 0.186554
v 0.012244 0.540405 0.499786
v 0.013895 0.288429 -0.032360
v 0.014982 0.698303 -0.189743
v 0.015842 0.722229 -0.029739
v 0.016087 0.722229 -0.165009
v 0.021534 0.021454 -0.032341
v 0.021566 0.334784 0.032219
v 0.022734 0.346229 -0.186386
v 0.027834 0.433037 -0.209671
v 0.027893 0.433105 -0.444092
v 0.027948 0.433136 -0.373108
v 0.027979 0.433090 -0.285797
v 0.028009 0.433090 0.312653
v 0.028013 0.433128 0.408997
v 0.028252 0.559219 0.489349
v 0.028318 0.433189 0.189438
v 0.028362 0.561752 0.478790
v 0.028400 0.561798 0.264893
v 0.028419 0.433098 0.223145
v 0.028450 0.561752 0.189499
v 0.028582 0.561783 -0.281250
v 0.028589 0.561798 -0.364563
v 0.028618 0.433174 -0.479004
v 0.028620 0.561752 -0.422791
v 0.028677 0.561783 0.386536
v 0.028704 0.559174 -0.489380
v 0.028727 0.433098 0.478577
v 0.028755 0.561783 -0.478882
v 0.028822 0.432907 -0.189865
v 0.028875 0.561707 -0.189987
v 0.029140 0.551178 0.496887
v 0.029150 0.435638 0.488953
v 0.029213 0.435654 -0.489075
v 0.029264 0.496857 -0.499939
v 0.029308 0.454407 -0.499786
v 0.029375 0.442894 -0.496826
v 0.029417 0.550674 -0.497192
v 0.029442 0.540482 0.499817
v 0.029470 0.442947 0.496826
v 0.029682 0.540695 -0.499908
v 0.029707 0.454185 0.499756
v 0.029942 0.424805 -0.189743
v 0.030626 0.337803 0.177338
v 0.033501 0.337872 -0.177536
v 0.034611 0.722229 0.164886
v 0.038288 0.335314 -0.166855
v 0.038502 0.104889 -0.166809
v 0.038658 0.437958 0.488617
v 0.038658 0.334734 -0.032429
v 0.038662 0.301258 -0.032162
v 0.038689 0.268692 -0.166779
v 0.038708 0.002686 0.155350
v 0.038719 0.250946 0.032139
v 0.038738 0.556793 0.488464
v 0.038750 0.098236 -0.032207
v 0.038811 0.437477 -0.488007
v 0.038876 0.233978 -0.032223
v 0.038918 0.335264 0.166611
v 0.038933 0.550705 0.494415
v 0.039005 0.022064 -0.166748
v 0.039009 0.021454 -0.032188
v 0.039021 0.556473 -0.488800
v 0.039021 0.334784 0.032070
v 0.039173 0.010986 0.163879
v 0.039185 0.021606 0.032207
v 0.039196 0.002777 -0.155380
v 0.039204 0.133743 0.032181
v 0.039246 0.233459 0.166641
v 0.039257 0.011292 0.034756
v 0.039261 0.000122 0.143890
v 0.039318 0.443878 -0.494904
v 0.039330 0.191620 0.166702
v 0.039360 0.000000 0.054249
v 0.039371 0.022034 0.166702
v 0.039394 0.127045 0.166626
v 0.039402 0.000183 -0.054131
v 0.039410 0.443520 0.494598
v 0.039421 0.002747 -0.043575
v 0.039425 0.000122 -0.144272
v 0.039444 0.002838 0.042816
v 0.039486 0.011749 -0.034451
v 0.039524 0.302818 0.166687
v 0.039597 0.436127 0.189499
v 0.039597 0.559128 -0.190018
v 0.039635 0.011322 -0.163834
v 0.039661 0.558929 -0.324677
v 0.039680 0.558868 0.295990
v 0.039692 0.549927 -0.494263
v 0.039757 0.558853 0.399292
v 0.039780 0.558899 0.189545
v 0.039791 0.558868 -0.411743
v 0.039818 0.558960 -0.269165
v 0.039841 0.558884 -0.478882
v 0.039860 0.558746 0.478180
v 0.039894 0.454201 0.497101
v 0.039955 0.435905 0.477692
v 0.039978 0.435829 -0.479614
v 0.040035 0.435982 -0.190018
v 0.040035 0.436020 -0.290436
v 0.040073 0.436012 0.362732
v 0.040081 0.435997 0.255798
v 0.040096 0.436020 -0.400299
v 0.040108 0.540680 0.496887
v 0.040115 0.453255 -0.497009
v 0.040226 0.540207 -0.496918
v 0.041901 0.565063 -0.189911
v 0.045361 0.550232 -0.488953
v 0.045486 0.444496 0.488556
v 0.045609 0.444260 -0.488251
v 0.045883 0.550003 0.487885
v 0.047443 0.443008 0.479004
v 0.047447 0.443161 -0.190002
v 0.047474 0.443207 -0.275238
v 0.047504 0.443008 0.233521
v 0.047531 0.443138 -0.479462
v 0.047535 0.443054 -0.359192
v 0.047554 0.551010 0.189529
v 0.047577 0.443207 0.366760
v 0.047626 0.443756 0.189575
v 0.047657 0.551010 -0.478638
v 0.047672 0.550720 0.374176
v 0.047787 0.550873 0.478516
v 0.047825 0.550964 -0.395477
v 0.047886 0.550781 -0.316803
v 0.047909 0.550659 -0.209351
v 0.048111 0.550552 -0.189835
v 0.048157 0.454445 0.488953
v 0.048210 0.540222 0.489105
v 0.048225 0.540771 -0.489044
v 0.048328 0.454826 -0.488983
v 0.048386 0.012299 -0.036434
v 0.048534 0.004608 -0.044048
v 0.048634 0.004944 -0.154846
v 0.048695 0.004639 0.044018
v 0.049107 0.012146 0.036877
v 0.049126 0.012573 -0.161804
v 0.049290 0.005310 0.154572
v 0.049480 0.011993 0.161331
v 0.049553 0.334736 -0.034897
v 0.049572 0.226501 -0.034637
v 0.049625 0.149887 -0.034782
v 0.049675 0.283020 -0.034687
v 0.049709 0.334759 0.034725
v 0.049854 0.021790 -0.034863
v 0.049957 0.250641 0.034874
v 0.049957 0.021332 0.034912
v 0.049973 0.334948 -0.164001
v 0.050014 0.002716 0.054344
v 0.050018 0.166245 0.034801
v 0.050060 0.281265 0.163864
v 0.050064 0.002716 -0.144073
v 0.050072 0.020844 -0.163864
v 0.050095 0.198181 0.163879
v 0.050117 0.022034 0.163864
v 0.050125 0.145111 -0.163849
v 0.050133 0.102081 0.163788
v 0.050194 0.002808 0.144852
v 0.050240 0.334667 0.163742
v 0.050247 0.258232 -0.163757
v 0.050308 0.002716 -0.056068
v 0.050346 0.002716 0.113197
v 0.050743 0.540497 0.189484
v 0.050758 0.540207 0.402863
v 0.050766 0.539978 0.326355
v 0.050770 0.454643 -0.479126
v 0.050770 0.540619 -0.316162
v 0.050770 0.540665 -0.478851
v 0.050774 0.454491 0.362823
v 0.050774 0.454636 0.278381
v 0.050777 0.454659 -0.339661
v 0.050785 0.454826 -0.273468
v 0.050785 0.540176 0.230286
v 0.050789 0.540649 -0.425537
v 0.050812 0.454758 -0.225037
v 0.050812 0.454895 -0.408173
v 0.050819 0.454765 0.424377
v 0.050838 0.454697 0.324493
v 0.050842 0.454559 0.478546
v 0.050861 0.540619 -0.189713
v 0.050865 0.539917 0.478516
v 0.050880 0.501755 -0.479004
v 0.050896 0.508591 -0.189713
v 0.050903 0.454147 -0.189774
v 0.050919 0.497330 0.189545
v 0.050938 0.454659 0.189529
v 0.053089 0.718842 -0.177551
v 0.053371 0.618439 -0.189713
v 0.054432 0.334909 0.165634
v 0.055721 0.357431 0.189484
v 0.055817 0.011780 0.154755
v 0.055882 0.012024 -0.154495
v 0.055958 0.011597 0.044445
v 0.055984 0.011658 -0.044239
v 0.057407 0.346217 -0.186508
v 0.057831 0.066711 -0.155960
v 0.057884 0.278008 -0.156052
v 0.057907 0.434982 -0.189713
v 0.058002 0.010193 0.078613
v 0.058022 0.188675 -0.155746
v 0.058079 0.334887 -0.155701
v 0.058098 0.021637 -0.155731
v 0.058102 0.010437 -0.144165
v 0.058163 0.010925 0.054352
v 0.058174 0.010498 -0.054855
v 0.058186 0.010498 0.143646
v 0.058228 0.259476 0.155457
v 0.058231 0.117020 0.155457
v 0.058380 0.334984 -0.166382
v 0.058380 0.021179 0.155350
v 0.058453 0.334759 0.043560
v 0.058510 0.103851 0.043560
v 0.058540 0.334719 -0.044022
v 0.058556 0.334841 0.155243
v 0.058586 0.186661 0.043610
v 0.058598 0.166809 -0.043961
v 0.058605 0.022003 0.043640
v 0.058609 0.266273 -0.043934
v 0.058620 0.082245 -0.043839
v 0.058636 0.021759 -0.043983
v 0.059479 0.620239 0.189468
v 0.060242 0.709137 -0.186966
v 0.061127 0.196854 -0.144943
v 0.061157 0.345887 0.186234
v 0.061169 0.229233 0.143890
v 0.061184 0.121506 0.143845
v 0.061184 0.021759 -0.144623
v 0.061199 0.264595 -0.144897
v 0.061203 0.108124 -0.144730
v 0.061211 0.052460 0.054993
v 0.061214 0.125259 0.103645
v 0.061218 0.020966 0.113472
v 0.061226 0.322910 0.055180
v 0.061230 0.094543 -0.071312
v 0.061241 0.239792 -0.078377
v 0.061249 0.317802 -0.144623
v 0.061249 0.130295 -0.103813
v 0.061260 0.171570 0.054901
v 0.061260 0.020569 0.143661
v 0.061272 0.021942 -0.054600
v 0.061291 0.021332 0.054729
v 0.061310 0.260132 -0.054554
v 0.061325 0.148544 -0.054726
v 0.061333 0.334751 0.055191
v 0.061356 0.334814 0.143784
v 0.061367 0.334690 -0.054924
v 0.061375 0.334776 -0.086807
v 0.061440 0.334730 -0.143890
v 0.065590 0.709961 0.186569
v 0.076401 0.334740 -0.027723
v 0.079948 0.337921 -0.177795
v 0.094727 0.334772 0.111000
v 0.097229 0.457314 -0.189713
v 0.097511 0.346069 0.186432
v 0.098129 0.698700 0.189438
v 0.099609 0.563324 -0.189743
v 0.100609 0.463814 0.189453
v 0.112251 0.358458 -0.189728
v 0.112671 0.629761 -0.189728
v 0.114342 0.722260 -0.117760
v 0.114525 0.559753 0.189453
v 0.118553 0.718781 0.177658
v 0.127335 0.517258 -0.189728
v 0.144379 0.590454 0.189468
v 0.144867 0.442017 0.189484
v 0.158005 0.722137 0.164963
v 0.158020 0.722260 0.132080
v 0.158081 0.722198 -0.164932
v 0.158112 0.334776 -0.020866
v 0.158249 0.722229 0.011397
v 0.158249 0.334763 0.074043
v 0.158249 0.334761 -0.112617
v 0.158417 0.718689 -0.177612
v 0.158417 0.334799 -0.165939
v 0.158676 0.334824 0.165024
v 0.158844 0.698883 0.189514
v 0.158936 0.428703 0.189621
v 0.158981 0.411449 -0.189758
v 0.159012 0.358414 -0.189896
v 0.159058 0.698303 -0.189758
v 0.159195 0.476204 -0.189819
v 0.159210 0.621124 0.189575
v 0.159256 0.566833 -0.189804
v 0.159271 0.718750 0.177383
v 0.159286 0.337761 -0.177322
v 0.159332 0.524200 0.189545
v 0.159378 0.337730 0.177124
v 0.159485 0.709595 0.186661
v 0.159500 0.709198 -0.186920
v 0.159790 0.357307 0.189453
v 0.159821 0.345969 0.186340
v 0.159958 0.346492 -0.186523
v 0.169037 0.339617 0.175949
v 0.169250 0.339460 -0.175751
v 0.169662 0.348139 -0.184967
v 0.170074 0.347096 0.184082
v 0.170197 0.708557 0.184158
v 0.170197 0.337463 -0.166336
v 0.170227 0.708252 -0.184158
v 0.170273 0.719208 -0.165314
v 0.170303 0.719086 0.165375
v 0.170303 0.719269 0.029860
v 0.170364 0.719330 -0.029215
v 0.170364 0.337416 0.165344
v 0.170380 0.719391 0.117500
v 0.170395 0.719330 0.060978
v 0.170410 0.719360 -0.124809
v 0.170517 0.715607 -0.177155
v 0.170593 0.337469 -0.043480
v 0.170670 0.337465 0.095070
v 0.170715 0.337511 -0.081406
v 0.170807 0.715729 0.177094
v 0.170914 0.358557 0.186752
v 0.171066 0.645416 0.186676
v 0.171173 0.431992 0.186630
v 0.171356 0.510178 0.186630
v 0.171463 0.358015 -0.186737
v 0.171631 0.565216 -0.186646
v 0.171646 0.471535 -0.186615
v 0.171661 0.646210 -0.186722
v 0.171814 0.698120 0.186462
v 0.172058 0.698242 -0.186539
v 0.177658 0.346915 0.175934
v 0.177948 0.347093 -0.176193
v 0.178299 0.708130 -0.175568
v 0.178680 0.706970 0.175964
v 0.179489 0.345442 -0.166595
v 0.179718 0.345592 -0.133270
v 0.179764 0.345741 -0.007561
v 0.179840 0.345904 0.165115
v 0.180054 0.709778 -0.166000
v 0.180084 0.709686 0.099503
v 0.180130 0.709778 0.012324
v 0.180145 0.540039 -0.178101
v 0.180176 0.441490 -0.177963
v 0.180176 0.698059 -0.178146
v 0.180206 0.604965 -0.178116
v 0.180237 0.709564 0.166122
v 0.180267 0.357599 -0.177536
v 0.180298 0.433090 0.177170
v 0.180313 0.492477 0.177368
v 0.180313 0.698730 0.177429
v 0.180344 0.358658 0.177185
v 0.180389 0.575577 0.177048
v 0.183136 0.469765 -0.147385
v 0.183136 0.698853 0.006940
v 0.183136 0.698853 0.082504
v 0.183151 0.446564 0.022676
v 0.183167 0.417648 -0.083153
v 0.183167 0.430923 0.067528
v 0.183167 0.441528 -0.039967
v 0.183167 0.633118 -0.007867
v 0.183167 0.635864 0.114243
v 0.183167 0.699036 0.165527
v 0.183182 0.376191 -0.047680
v 0.183182 0.415272 -0.010217
v 0.183182 0.432869 -0.140015
v 0.183182 0.698822 -0.130432
v 0.183197 0.401089 -0.165634
v 0.183197 0.594254 -0.114601
v 0.183197 0.698425 -0.165787
v 0.183212 0.433228 -0.062813
v 0.183212 0.441818 -0.018549
v 0.183212 0.484474 -0.151840
v 0.183212 0.587448 -0.018932
v 0.183228 0.412502 0.165512
v 0.183228 0.431099 0.094788
v 0.183228 0.436554 0.050797
v 0.183228 0.554520 0.016050
v 0.183228 0.635895 0.165314
v 0.183243 0.462730 -0.165451
v 0.183243 0.357864 -0.165283
v 0.183258 0.519485 -0.158844
v 0.183258 0.548798 -0.152893
v 0.183258 0.555161 -0.152802
v 0.183258 0.555603 -0.043705
v 0.183258 0.559357 -0.148865
v 0.183258 0.567108 -0.165329
v 0.183258 0.579544 0.015905
v 0.183273 0.451004 -0.132629
v 0.183273 0.453865 0.138474
v 0.183273 0.358077 0.040134
v 0.183289 0.557144 0.090675
v 0.183289 0.558167 0.126114
v 0.183289 0.358254 -0.052547
v 0.183289 0.357878 0.165451
v 0.183304 0.442070 0.017075
v 0.183304 0.556915 -0.080284
v 0.183334 0.557632 -0.105095
v 0.183350 0.432632 -0.102837
v 0.183350 0.439255 0.117180
v 0.183350 0.555466 0.040413
v 0.183365 0.446556 -0.023695
v 0.183365 0.562469 0.165085
v 0.183380 0.559494 0.147644
v 0.183380 0.570984 0.015779
v 0.183395 0.476273 0.165115
v 0.183395 0.510117 0.164886
v 0.183411 0.442200 0.040108
v 0.183411 0.453003 0.022215
v 0.183411 0.552170 0.152588
v 0.183411 0.579346 -0.015894
v 0.183456 0.476372 0.150604
v 0.183456 0.556427 0.152420
v 0.183472 0.554276 -0.016489
v 0.183533 0.438377 -0.112244
v 0.183533 0.513809 -0.154297
v 0.183533 0.529449 -0.003183
v 0.183533 0.535202 0.152435
v 0.183578 0.579346 -0.003201
v 0.183609 0.525665 0.142731
v 0.183640 0.573395 -0.015944
v 0.183655 0.457756 -0.001534
v 0.183670 0.506989 0.000726
v 0.183716 0.457901 0.017771
v 0.183716 0.541916 0.004384
v 0.183746 0.542633 -0.004387
v 0.183762 0.579361 0.002521
v 0.183777 0.456757 -0.136765
v 0.183777 0.512939 0.153809
v 0.183807 0.520340 -0.009564
v 0.183823 0.576385 -0.002185
v 0.183853 0.539856 -0.009457
v 0.183853 0.539902 0.008938
v 0.183868 0.435173 -0.068993
v 0.183868 0.435463 0.061523
v 0.183868 0.435577 -0.096008
v 0.183868 0.435883 0.102768
v 0.183868 0.439529 -0.047844
v 0.183868 0.462364 0.138504
v 0.183868 0.480400 -0.150131
v 0.183868 0.480743 0.147522
v 0.183868 0.496658 -0.014708
v 0.183868 0.505859 -0.011366
v 0.183899 0.574417 0.004249
v 0.183929 0.452766 0.026417
v 0.183929 0.491852 -0.152802
v 0.183945 0.441429 -0.118347
v 0.183945 0.545151 0.151352
v 0.183960 0.495239 -0.135925
v 0.183960 0.574036 -0.004796
v 0.183975 0.540527 -0.152985
v 0.183990 0.484360 -0.128296
v 0.183990 0.519547 0.009134
v 0.184006 0.441437 0.041126
v 0.184006 0.452606 -0.022985
v 0.184006 0.474045 0.013327
v 0.184021 0.448730 -0.037197
v 0.184021 0.510254 0.141235
v 0.184036 0.457916 -0.017496
v 0.184036 0.494797 0.015753
v 0.184052 0.473869 -0.117752
v 0.184067 0.505722 0.011258
v 0.184082 0.481308 -0.012662
v 0.184143 0.461159 -0.075760
v 0.184158 0.462502 -0.061413
v 0.184158 0.547623 0.148026
v 0.184174 0.525970 -0.142990
v 0.184174 0.564758 0.004685
v 0.184189 0.495850 0.135788
v 0.184204 0.462700 0.091095
v 0.184219 0.462402 -0.089897
v 0.184219 0.466675 0.104691
v 0.184219 0.509079 -0.141342
v 0.184235 0.466301 -0.048149
v 0.184235 0.547668 -0.152435
v 0.184250 0.461327 0.076424
v 0.184250 0.462463 0.061771
v 0.184250 0.466499 -0.104446
v 0.184250 0.473976 0.118118
v 0.184296 0.465157 0.050400
v 0.184296 0.485321 0.128922
v 0.184296 0.546783 -0.141830
v 0.184311 0.482590 0.025076
v 0.184311 0.490219 -0.019562
v 0.184326 0.472038 0.037315
v 0.184402 0.469612 -0.029289
v 0.184402 0.546967 0.141388
v 0.184540 0.472809 -0.036865
v 0.184723 0.481239 -0.026981
v 0.185959 0.547836 0.151398
v 0.187073 0.457489 0.016752
v 0.187241 0.577423 0.004655
v 0.187576 0.443779 0.011204
v 0.187576 0.456970 -0.014586
v 0.187653 0.579361 -0.004595
v 0.187805 0.443573 -0.016966
v 0.188599 0.445602 -0.020975
v 0.188705 0.445503 0.020332
v 0.188904 0.448685 -0.022390
v 0.189240 0.453568 -0.020243
v 0.189850 0.453079 0.021513
v 0.189911 0.455780 0.008507
v 0.190475 0.448936 0.022356
v 0.190521 0.446625 0.007489
v 0.190765 0.447891 -0.018095
v 0.191223 0.452942 -0.009729
v 0.191818 0.451630 0.007074
v 0.191986 0.482521 -0.109856
v 0.192017 0.471779 -0.082283
v 0.192032 0.475380 0.095222
v 0.192032 0.490875 -0.120323
v 0.192032 0.502808 -0.086647
v 0.192062 0.498688 -0.060684
v 0.192078 0.472473 0.087692
v 0.192078 0.487427 0.035252
v 0.192093 0.511414 0.087227
v 0.192108 0.472328 0.065163
v 0.192108 0.476685 -0.098289
v 0.192108 0.480583 0.044128
v 0.192108 0.500443 0.058147
v 0.192108 0.519592 0.121521
v 0.192108 0.519730 0.086899
v 0.192108 0.520020 -0.087791
v 0.192123 0.480301 0.106438
v 0.192123 0.519684 -0.058788
v 0.192154 0.501755 0.082405
v 0.192154 0.513000 -0.036297
v 0.192169 0.507294 -0.060238
v 0.192169 0.519440 0.058384
v 0.192184 0.474876 0.055790
v 0.192184 0.506821 0.023230
v 0.192200 0.544205 0.109871
v 0.192230 0.509354 -0.130585
v 0.192245 0.472687 -0.064758
v 0.192245 0.542252 0.045479
v 0.192261 0.521011 0.019878
v 0.192276 0.505676 -0.083420
v 0.192307 0.487625 0.117607
v 0.192307 0.544479 -0.117126
v 0.192322 0.508591 0.060318
v 0.192352 0.543533 -0.074577
v 0.192352 0.543823 0.081215
v 0.192368 0.483788 -0.039478
v 0.192368 0.497864 0.124947
v 0.192368 0.540009 0.018738
v 0.192368 0.541962 -0.031601
v 0.192398 0.475433 -0.055218
v 0.192398 0.505630 0.083527
v 0.192413 0.495346 -0.029804
v 0.192413 0.502655 -0.071121
v 0.192474 0.511459 0.129868
v 0.192505 0.540863 -0.018852
v 0.192520 0.502808 0.071159
v 0.192520 0.541656 0.021893
v 0.192581 0.540451 -0.131622
v 0.192596 0.525040 -0.132431
v 0.192642 0.530060 0.131744
v 0.192703 0.544678 0.129883
v 0.192719 0.521149 0.131714
v 0.192734 0.508499 -0.022697
v 0.192734 0.517319 -0.019728
v 0.193085 0.545578 -0.131180
v 0.193146 0.504822 -0.065742
v 0.193192 0.512726 -0.085960
v 0.193237 0.506027 -0.081123
v 0.193314 0.518112 -0.065735
v 0.193359 0.512512 0.059929
v 0.193359 0.517792 -0.082153
v 0.193390 0.505920 0.065804
v 0.193451 0.504120 0.074661
v 0.193466 0.512375 -0.059788
v 0.193954 0.518158 -0.086731
v 0.193985 0.519608 0.081627
v 0.194199 0.519547 0.059078
v 0.194229 0.507248 0.085419
v 0.194260 0.518890 -0.059551
v 0.194519 0.518402 0.087021
v 0.195114 0.501907 0.012710
v 0.195175 0.483124 -0.025202
v 0.195175 0.509872 -0.142075
v 0.195206 0.510773 0.010139
v 0.195267 0.495270 0.016001
v 0.195267 0.536331 0.142487
v 0.195282 0.492111 -0.031902
v 0.195282 0.500824 -0.026339
v 0.195312 0.482948 0.025373
v 0.195312 0.496094 -0.136505
v 0.195358 0.497864 -0.014365
v 0.195374 0.523788 -0.143173
v 0.195389 0.547882 -0.152542
v 0.195404 0.526428 0.142853
v 0.195419 0.498230 0.027822
v 0.195419 0.510712 0.141754
v 0.195435 0.484825 -0.128540
v 0.195450 0.513794 0.131927
v 0.195450 0.522675 0.009119
v 0.195496 0.536621 0.132477
v 0.195526 0.472176 0.037170
v 0.195526 0.485039 -0.037914
v 0.195526 0.486816 0.035133
v 0.195541 0.502213 0.127533
v 0.195541 0.554565 -0.153214
v 0.195557 0.505554 -0.011466
v 0.195557 0.511169 -0.131348
v 0.195572 0.465523 0.049839
v 0.195587 0.511566 -0.021233
v 0.195618 0.511063 0.021765
v 0.195633 0.495712 0.124107
v 0.195648 0.481674 0.041492
v 0.195648 0.494522 -0.123169
v 0.195663 0.462578 0.061066
v 0.195663 0.546661 0.141052
v 0.195679 0.486404 0.116043
v 0.195679 0.486679 -0.116447
v 0.195694 0.461311 0.076050
v 0.195694 0.559189 -0.148193
v 0.195740 0.471764 0.084061
v 0.195740 0.483551 0.127869
v 0.195740 0.540207 -0.009069
v 0.195740 0.557907 -0.151291
v 0.195755 0.462761 0.091164
v 0.195755 0.472687 -0.036541
v 0.195755 0.494995 0.135620
v 0.195755 0.517960 -0.009355
v 0.195755 0.579620 -0.015871
v 0.195770 0.478668 -0.048386
v 0.195770 0.540298 -0.018557
v 0.195770 0.541794 -0.004172
v 0.195770 0.548599 0.151688
v 0.195786 0.523254 -0.019058
v 0.195786 0.546799 -0.141434
v 0.195801 0.540421 0.008595
v 0.195816 0.466515 -0.104324
v 0.195831 0.541718 0.004390
v 0.195831 0.568314 0.004625
v 0.195847 0.537201 0.019117
v 0.195847 0.579727 0.015753
v 0.195877 0.461166 -0.076614
v 0.195877 0.472374 0.063606
v 0.195892 0.462578 -0.061050
v 0.195892 0.559326 0.148422
v 0.195908 0.472595 -0.064087
v 0.195908 0.524033 -0.132263
v 0.195908 0.554535 0.016068
v 0.195923 0.462769 -0.092033
v 0.195938 0.466316 -0.047890
v 0.195938 0.466721 0.104774
v 0.195953 0.555832 0.152908
v 0.195953 0.579559 -0.004955
v 0.195969 0.473351 0.117622
v 0.195984 0.545288 -0.130829
v 0.195984 0.554276 -0.016502
v 0.195999 0.472145 -0.085587
v 0.196014 0.473969 -0.117752
v 0.196014 0.478508 0.102791
v 0.196030 0.579620 0.004554
v 0.196060 0.544601 0.131439
v 0.196121 0.480057 -0.105881
v 0.196136 0.541565 0.021336
v 0.196152 0.554794 0.022305
v 0.196182 0.541702 -0.027193
v 0.196274 0.544495 -0.114807
v 0.196289 0.543427 -0.074638
v 0.196289 0.558167 0.124031
v 0.196289 0.558167 -0.125427
v 0.196304 0.556122 -0.058327
v 0.196335 0.556763 0.075714
v 0.196365 0.543549 0.075005
v -0.000139 0.002625 -0.043667
v -0.002526 0.069397 0.032223
v -0.006578 0.102600 -0.032349
v -0.006787 0.718689 -0.177536
v -0.008276 0.159744 0.032227
v -0.009266 0.550720 -0.497192
v -0.010905 0.021790 -0.166718
v -0.011331 0.086182 0.166656
v -0.011521 0.698883 0.189453
v -0.013781 0.624817 -0.189697
v -0.015303 0.224091 0.166504
v -0.015441 0.011169 0.034851
v -0.015633 0.000061 -0.054264
v -0.015890 0.433022 0.189499
v -0.019817 0.237457 0.166672
v -0.020088 0.276886 -0.032349
v -0.020269 0.335215 0.166672
v -0.022152 0.718811 0.177597
v -0.022793 0.018219 -0.033131
v -0.022999 0.246269 0.032192
v -0.023056 0.011230 -0.163986
v -0.023609 0.708984 -0.187012
v -0.023907 0.000061 -0.144638
v -0.024912 0.011475 -0.034245
v -0.030962 0.000092 0.054028
v -0.032063 0.153961 -0.032333
v -0.032654 0.229767 0.167236
v -0.033592 0.334763 0.032211
v -0.034351 0.357215 0.189392
v -0.036812 0.635437 0.189453
v -0.037029 0.200302 0.166672
v -0.037792 0.334766 -0.032417
v -0.040123 0.021515 -0.032307
v -0.040985 0.559174 -0.489380
v -0.041008 0.559265 0.489532
v -0.041031 0.433098 0.189453
v -0.041046 0.242081 0.166824
v -0.041161 0.337631 0.177292
v -0.041172 0.433052 -0.221786
v -0.041218 0.433090 0.420349
v -0.041260 0.433037 0.334106
v -0.041275 0.433083 -0.453552
v -0.041298 0.551453 -0.496979
v -0.041382 0.433037 -0.283661
v -0.041382 0.433067 0.239075
v -0.041389 0.435516 0.488739
v -0.041409 0.561737 0.243408
v -0.041447 0.561691 0.478760
v -0.041462 0.561768 0.392639
v -0.041527 0.433197 0.478699
v -0.041576 0.561737 -0.239059
v -0.041630 0.561737 -0.479126
v -0.041676 0.435539 -0.488983
v -0.041683 0.561722 -0.189774
v -0.041771 0.578674 0.189468
v -0.041859 0.561737 0.189606
v -0.041870 0.455307 -0.499939
v -0.041897 0.433212 -0.478821
v -0.041935 0.454224 0.499817
v -0.041962 0.432953 -0.189728
v -0.042053 0.443153 -0.496796
v -0.042240 0.540512 0.499878
v -0.042320 0.541016 -0.499939
v -0.042450 0.551590 0.496826
v -0.042473 0.442863 0.496765
v -0.051697 0.002930 0.042759
v -0.051804 0.438187 -0.488342
v -0.051807 0.556900 0.488434
v -0.051811 0.550903 -0.494812
v -0.051842 0.443977 0.494720
v -0.051971 0.438255 0.488525
v -0.051991 0.215469 0.166779
v -0.052029 0.279594 0.166718
v -0.052036 0.000244 -0.054092
v -0.052094 0.002808 -0.155350
v -0.052113 0.107117 0.166733
v -0.052116 0.000092 0.078056
v -0.052124 0.556625 -0.488983
v -0.052132 0.550446 0.494904
v -0.052132 0.011841 -0.034294
v -0.052158 0.002716 -0.043697
v -0.052166 0.454483 0.497528
v -0.052181 0.271629 -0.032257
v -0.052208 0.021851 0.166763
v -0.052254 0.000214 0.144196
v -0.052261 0.444427 -0.494843
v -0.052261 0.075775 -0.032269
v -0.052280 0.002716 0.155258
v -0.052292 0.183456 -0.032230
v -0.052315 0.021362 -0.032196
v -0.052315 0.000183 -0.144455
v -0.052330 0.011169 -0.163666
v -0.052341 0.011444 0.034851
v -0.052345 0.540619 0.497589
v -0.052349 0.335257 0.166611
v -0.052422 0.000305 0.054066
v -0.052441 0.171677 0.032051
v -0.052490 0.011230 0.163956
v -0.052509 0.335348 -0.166733
v -0.052525 0.229813 0.032001
v -0.052532 0.435959 0.422638
v -0.052540 0.435951 0.189438
v -0.052551 0.435936 -0.385406
v -0.052551 0.334768 0.032085
v -0.052578 0.435875 -0.283813
v -0.052593 0.097504 -0.166702
v -0.052597 0.435883 0.478424
v -0.052601 0.021362 0.032093
v -0.052612 0.272911 -0.166687
v -0.052612 0.022247 -0.166718
v -0.052616 0.435921 -0.478424
v -0.052639 0.435776 -0.189758
v -0.052639 0.435875 0.343872
v -0.052643 0.559006 0.189545
v -0.052650 0.057037 0.032043
v -0.052662 0.558914 0.478851
v -0.052666 0.558975 0.366455
v -0.052696 0.558899 -0.479218
v -0.052696 0.113831 0.032101
v -0.052700 0.334755 -0.032173
v -0.052700 0.174484 -0.166748
v -0.052719 0.558960 -0.216385
v -0.052742 0.558929 -0.350342
v -0.052818 0.335438 -0.166763
v -0.052925 0.454239 -0.497498
v -0.053062 0.540970 -0.497314
v -0.053085 0.559036 -0.189880
v -0.053268 0.487488 -0.497284
v -0.055683 0.358510 -0.189697
v -0.057243 0.346132 -0.186432
v -0.058071 0.550293 0.488647
v -0.058094 0.444046 0.488342
v -0.058365 0.444878 -0.488953
v -0.058880 0.550003 -0.488373
v -0.058968 0.346063 0.186356
v -0.059113 0.408569 -0.189743
v -0.060436 0.443657 0.421967
v -0.060448 0.551056 0.478271
v -0.060490 0.443352 0.478241
v -0.060490 0.550949 -0.250763
v -0.060505 0.550903 0.297424
v -0.060509 0.443436 -0.189850
v -0.060516 0.443611 -0.316284
v -0.060535 0.550888 -0.479065
v -0.060543 0.443657 -0.478607
v -0.060555 0.443535 0.313965
v -0.060566 0.550888 0.207214
v -0.060577 0.550964 0.427979
v -0.060642 0.443657 0.189392
v -0.060646 0.550842 -0.404755
v -0.060707 0.550888 -0.336273
v -0.060783 0.539886 0.489227
v -0.060928 0.454659 0.488831
v -0.061062 0.550751 -0.189865
v -0.061092 0.540527 -0.489105
v -0.061123 0.550491 0.189499
v -0.061142 0.454567 -0.489288
v -0.062004 0.005219 0.154800
v -0.062107 0.004944 -0.044708
v -0.062195 0.005432 -0.155060
v -0.062279 0.012909 -0.036877
v -0.062279 0.005646 0.043468
v -0.062424 0.011902 0.161438
v -0.062496 0.011993 0.037411
v -0.062668 0.334757 -0.034809
v -0.062698 0.197189 -0.034847
v -0.062706 0.063873 -0.034897
v -0.062744 0.261627 -0.034779
v -0.062859 0.002899 0.054539
v -0.062866 0.002930 -0.053959
v -0.062881 0.012146 -0.161194
v -0.062881 0.002808 -0.144684
v -0.062920 0.021729 -0.035015
v -0.063019 0.334877 -0.164124
v -0.063065 0.175003 -0.163956
v -0.063103 0.284927 -0.163879
v -0.063118 0.022247 -0.163879
v -0.063187 0.002930 0.144608
v -0.063248 0.337978 -0.177658
v -0.063248 0.334824 0.034634
v -0.063248 0.158859 0.034832
v -0.063301 0.254379 0.034821
v -0.063354 0.092529 0.034801
v -0.063393 0.540421 -0.479034
v -0.063416 0.540710 -0.254608
v -0.063431 0.541000 -0.363800
v -0.063446 0.020935 0.163513
v -0.063469 0.540939 -0.425323
v -0.063484 0.505997 0.189865
v -0.063484 0.022095 0.034985
v -0.063499 0.500702 0.299744
v -0.063499 0.540115 0.478577
v -0.063499 0.541336 -0.189774
v -0.063507 0.518616 0.401947
v -0.063522 0.455017 -0.243057
v -0.063522 0.503616 -0.189743
v -0.063530 0.454788 -0.479187
v -0.063538 0.454758 0.329285
v -0.063538 0.454918 0.478790
v -0.063545 0.454826 -0.189819
v -0.063553 0.454437 0.189529
v -0.063553 0.454910 0.244354
v -0.063560 0.454834 -0.374695
v -0.063568 0.540207 0.325836
v -0.063583 0.540314 0.189529
v -0.063583 0.286613 0.163406
v -0.063629 0.334923 0.163254
v -0.063637 0.540161 0.397705
v -0.063736 0.091339 0.163315
v -0.065254 0.502869 0.189514
v -0.067902 0.722229 0.165024
v -0.068649 0.012115 -0.155197
v -0.068886 0.012207 0.154816
v -0.069145 0.012238 0.044430
v -0.069176 0.011993 -0.044575
v -0.070900 0.021637 0.155777
v -0.071106 0.021637 -0.155731
v -0.071121 0.277176 -0.155731
v -0.071136 0.215057 0.155762
v -0.071136 0.010712 0.143555
v -0.071144 0.010651 -0.143600
v -0.071152 0.334932 0.155685
v -0.071220 0.077728 0.155579
v -0.071228 0.176315 -0.155594
v -0.071251 0.010834 0.054226
v -0.071274 0.010986 -0.054699
v -0.071442 0.021210 -0.043610
v -0.071449 0.334911 -0.155457
v -0.071716 0.334799 -0.043758
v -0.071739 0.073883 -0.043961
v -0.071739 0.022186 0.043678
v -0.071770 0.227432 -0.043884
v -0.071793 0.111603 0.043671
v -0.071815 0.266937 0.043762
v -0.071991 0.334780 0.043869
v -0.073624 0.334867 0.165375
v -0.074120 0.037415 0.144455
v -0.074142 0.208176 0.144760
v -0.074196 0.334826 0.144531
v -0.074211 0.097351 0.144684
v -0.074219 0.260735 0.144821
v -0.074226 0.071564 0.054081
v -0.074226 0.022034 -0.054543
v -0.074242 0.222794 0.054161
v -0.074257 0.021942 0.054241
v -0.074265 0.198547 0.125885
v -0.074265 0.021790 0.143906
v -0.074272 0.117523 -0.088913
v -0.074280 0.334772 0.054249
v -0.074287 0.157730 -0.054531
v -0.074310 0.186325 -0.144470
v -0.074326 0.021759 -0.144516
v -0.074333 0.280937 -0.054344
v -0.074333 0.273483 -0.144485
v -0.074341 0.334732 0.114456
v -0.074341 0.128357 -0.144531
v -0.074348 0.217453 -0.054699
v -0.074356 0.080719 -0.054752
v -0.074387 0.334810 -0.120522
v -0.074387 0.334766 -0.054508
v -0.074493 0.334850 -0.144302
v -0.076019 0.334776 0.022842
v -0.076187 0.334953 -0.166031
v -0.080284 0.579575 -0.189743
v -0.081337 0.337774 0.177032
v -0.085167 0.428200 0.189438
v -0.089066 0.722229 0.073273
v -0.089996 0.718781 -0.177475
v -0.091469 0.636841 -0.189713
v -0.094841 0.722229 -0.164795
v -0.098335 0.334774 0.089531
v -0.101028 0.346335 -0.186386
v -0.105064 0.358502 -0.189774
v -0.109978 0.345858 0.186203
v -0.112686 0.453011 -0.189728
v -0.114494 0.548004 0.189453
v -0.115288 0.357488 0.189423
v -0.130402 0.334751 0.001431
v -0.136414 0.698395 -0.189743
v -0.137695 0.334759 0.165253
v -0.155518 0.585129 -0.189713
v -0.171265 0.722198 0.164917
v -0.171280 0.722137 -0.165176
v -0.171432 0.722229 -0.122040
v -0.171432 0.334694 0.011759
v -0.171448 0.334711 0.091110
v -0.171509 0.722260 0.109520
v -0.171524 0.722198 -0.017694
v -0.171539 0.334867 -0.165695
v -0.171570 0.718872 0.177612
v -0.171677 0.334705 -0.141312
v -0.171799 0.334915 0.165604
v -0.171829 0.337460 0.176910
v -0.172089 0.576370 -0.189819
v -0.172150 0.718719 -0.177505
v -0.172165 0.698273 -0.189804
v -0.172211 0.488983 -0.189697
v -0.172272 0.358352 -0.189774
v -0.172287 0.345953 0.186234
v -0.172379 0.337875 -0.177643
v -0.172668 0.709930 0.186584
v -0.172699 0.346288 -0.186432
v -0.172852 0.406586 0.189484
v -0.172852 0.605942 0.189438
v -0.172897 0.709106 -0.186905
v -0.172913 0.357398 0.189362
v -0.172928 0.461784 0.189468
v -0.173050 0.698608 0.189453
v -0.173111 0.559235 0.189484
v -0.181870 0.716705 0.176575
v -0.182205 0.708893 0.184433
v -0.182312 0.346882 0.184097
v -0.182419 0.339670 -0.175674
v -0.182495 0.339792 0.175507
v -0.182678 0.716553 -0.176590
v -0.182968 0.347559 -0.184341
v -0.182999 0.707672 -0.184952
v -0.183060 0.719025 -0.165421
v -0.183304 0.718933 0.111931
v -0.183304 0.718964 0.005702
v -0.183334 0.337317 0.059731
v -0.183365 0.718933 0.165298
v -0.183365 0.337755 -0.166763
v -0.183380 0.337488 -0.064903
v -0.183380 0.337420 -0.137344
v -0.183487 0.718842 -0.088028
v -0.183517 0.337679 0.165405
v -0.183807 0.541748 0.186554
v -0.183807 0.358311 0.186600
v -0.183899 0.603668 0.186432
v -0.183914 0.466026 0.186447
v -0.184006 0.697998 0.186478
v -0.184006 0.358500 -0.186737
v -0.184235 0.560623 -0.186737
v -0.184296 0.484146 -0.186691
v -0.184418 0.635254 -0.186691
v -0.184570 0.698425 -0.186523
v -0.190414 0.347216 0.176010
v -0.190903 0.347266 -0.176590
v -0.191147 0.708405 0.175568
v -0.191223 0.708557 -0.176346
v -0.192947 0.346322 -0.166290
v -0.192993 0.709991 -0.166275
v -0.193008 0.710541 -0.089767
v -0.193024 0.698151 -0.178192
v -0.193039 0.709961 0.165131
v -0.193039 0.710114 -0.014039
v -0.193054 0.710266 0.055984
v -0.193069 0.346456 -0.031937
v -0.193115 0.527435 -0.178284
v -0.193130 0.623444 -0.178268
v -0.193146 0.698029 0.177826
v -0.193161 0.521103 0.177658
v -0.193161 0.346568 0.164917
v -0.193176 0.589859 0.177795
v -0.193176 0.643616 0.177689
v -0.193222 0.381826 0.177460
v -0.193222 0.358607 -0.178009
v -0.193268 0.468407 0.177628
v -0.193436 0.358561 0.177002
v -0.196136 0.698364 -0.010505
v -0.196136 0.698425 0.100037
v -0.196152 0.444786 -0.166718
v -0.196152 0.605026 -0.166656
v -0.196152 0.697906 -0.076866
v -0.196152 0.698364 -0.105934
v -0.196167 0.436165 0.004725
v -0.196167 0.482269 0.073532
v -0.196167 0.533600 -0.044674
v -0.196167 0.698059 0.165573
v -0.196167 0.698242 0.046314
v -0.196182 0.370459 -0.024429
v -0.196182 0.404667 -0.070915
v -0.196182 0.482819 -0.114731
v -0.196182 0.613922 -0.082878
v -0.196182 0.617584 0.089180
v -0.196198 0.491974 0.149185
v -0.196198 0.548920 0.079704
v -0.196198 0.698212 -0.166351
v -0.196198 0.357780 -0.166412
v -0.196213 0.381344 0.165344
v -0.196243 0.357759 0.047016
v -0.196259 0.652679 0.165298
v -0.196259 0.357803 -0.090660
v -0.196274 0.499786 0.165253
v -0.196289 0.573349 0.165283
v -0.196304 0.413422 0.165283
v -0.196320 0.357637 0.165405
vt 0.696045 0.374268
vt 0.687744 0.375488
vt 0.690186 0.369873
vt 0.678711 0.375244
vt 0.682129 0.368408
vt 0.563477 0.353271
vt 0.562256 0.366699
vt 0.596680 0.382568
vt 0.697510 0.382324
vt 0.704590 0.374023
vt 0.679199 0.384033
vt 0.688477 0.384033
vt 0.674072 0.457764
vt 0.601807 0.443359
vt 0.684326 0.455322
vt 0.694336 0.455566
vt 0.693604 0.462402
vt 0.685059 0.462646
vt 0.702148 0.463135
vt 0.678467 0.464600
vt 0.633789 0.484619
vt 0.630859 0.471680
vt 0.579346 0.480957
vt 0.703369 0.455322
vt 0.734131 0.456299
vt 0.745605 0.465820
vt 0.780029 0.456299
vt 0.706055 0.382324
vt 0.728271 0.378906
vt 0.774414 0.360352
vt 0.775635 0.370605
vt 0.788818 0.456787
vt 0.783691 0.367920
vt 0.781494 0.359619
vt 0.229492 0.231934
vt 0.223877 0.241699
vt 0.224121 0.227295
vt 0.217041 0.232910
vt 0.229492 0.252197
vt 0.206543 0.256836
vt 0.236328 0.248535
vt 0.160156 0.278320
vt 0.280518 0.288330
vt 0.328857 0.301270
vt 0.206055 0.271729
vt 0.166992 0.286865
vt 0.172363 0.294922
vt 0.210938 0.346191
vt 0.308105 0.328369
vt 0.165283 0.302002
vt 0.216064 0.379639
vt 0.168945 0.343018
vt 0.156494 0.300293
vt 0.154297 0.293945
vt 0.161621 0.292725
vt 0.155273 0.284912
vt 0.145752 0.290527
vt 0.146240 0.284180
vt 0.048828 0.990479
vt 0.108398 0.990479
vt 0.106934 0.998535
vt 0.910645 0.918213
vt 0.899414 0.914795
vt 0.892822 0.877686
vt 0.928467 0.853271
vt 0.982666 0.912842
vt 0.964844 0.870850
vt 0.993652 0.916504
vt 0.946777 0.809082
vt 0.952881 0.798096
vt 0.993408 0.891357
vt 0.996582 0.878418
vt 0.276611 0.727051
vt 0.240967 0.746582
vt 0.241211 0.740479
vt 0.258789 0.692627
vt 0.233154 0.701416
vt 0.233398 0.695557
vt 0.281006 0.685303
vt 0.294678 0.709473
vt 0.278564 0.681641
vt 0.298096 0.718018
vt 0.279541 0.731201
vt 0.300293 0.722412
vt 0.282471 0.735840
vt 0.302490 0.726562
vt 0.241699 0.751709
vt 0.304443 0.730469
vt 0.281006 0.743164
vt 0.242432 0.756104
vt 0.318359 0.763428
vt 0.288086 0.774902
vt 0.242920 0.683838
vt 0.226074 0.694336
vt 0.277344 0.676025
vt 0.289551 0.652832
vt 0.241699 0.677246
vt 0.221924 0.693359
vt 0.275635 0.671631
vt 0.271240 0.667236
vt 0.264648 0.636230
vt 0.246826 0.662354
vt 0.225342 0.644287
vt 0.248535 0.647949
vt 0.234375 0.634277
vt 0.251221 0.640137
vt 0.249268 0.635986
vt 0.230225 0.629639
vt 0.244629 0.625977
vt 0.922607 0.491699
vt 0.914062 0.483154
vt 0.931885 0.452881
vt 0.947510 0.461182
vt 0.939697 0.456543
vt 0.937988 0.452393
vt 0.965576 0.481689
vt 0.934326 0.449463
vt 0.934326 0.445801
vt 0.934570 0.445557
vt 0.970459 0.481934
vt 0.970947 0.511475
vt 0.951904 0.536133
vt 0.927979 0.515381
vt 0.929443 0.446045
vt 0.916504 0.498779
vt 0.919189 0.530762
vt 0.910645 0.487549
vt 0.905029 0.491455
vt 0.903076 0.517090
vt 0.926025 0.554199
vt 0.903320 0.536865
vt 0.886719 0.526123
vt 0.878906 0.551025
vt 0.900146 0.491455
vt 0.905273 0.487061
vt 0.901367 0.486572
vt 0.904541 0.482666
vt 0.900146 0.481689
vt 0.908447 0.484863
vt 0.900879 0.477295
vt 0.909668 0.480957
vt 0.905518 0.479004
vt 0.906006 0.454834
vt 0.915527 0.455078
vt 0.926270 0.437988
vt 0.921631 0.437744
vt 0.925293 0.417969
vt 0.929199 0.411621
vt 0.934814 0.409668
vt 0.937744 0.410889
vt 0.932373 0.403564
vt 0.935791 0.395996
vt 0.741699 0.136230
vt 0.736084 0.128174
vt 0.744141 0.126221
vt 0.749023 0.130615
vt 0.780518 0.143555
vt 0.789795 0.166748
vt 0.767090 0.198242
vt 0.708740 0.210938
vt 0.677246 0.168945
vt 0.696777 0.265869
vt 0.668945 0.220703
vt 0.674316 0.161133
vt 0.666504 0.174072
vt 0.653564 0.178955
vt 0.622070 0.273193
vt 0.661865 0.166748
vt 0.667969 0.153809
vt 0.733398 0.122803
vt 0.651855 0.168213
vt 0.657471 0.159424
vt 0.659668 0.148682
vt 0.649902 0.155762
vt 0.627686 0.138428
vt 0.642334 0.164551
vt 0.637451 0.181641
vt 0.614990 0.238281
vt 0.622803 0.170410
vt 0.578369 0.210693
vt 0.605225 0.146973
vt 0.588135 0.143311
vt 0.551758 0.173340
vt 0.605713 0.139893
vt 0.586914 0.125732
vt 0.583740 0.133789
vt 0.578857 0.123291
vt 0.579834 0.138672
vt 0.551025 0.161377
vt 0.474121 0.168945
vt 0.572266 0.134766
vt 0.575928 0.129883
vt 0.570557 0.123779
vt 0.564941 0.129150
vt 0.538330 0.158447
vt 0.657227 0.806641
vt 0.682617 0.813477
vt 0.613770 0.825195
vt 0.641357 0.837646
vt 0.607178 0.817627
vt 0.640381 0.768555
vt 0.548584 0.809326
vt 0.560303 0.747559
vt 0.630371 0.726318
vt 0.654785 0.746338
vt 0.545410 0.730957
vt 0.618652 0.720459
vt 0.646240 0.689697
vt 0.033203 0.101562
vt 0.014404 0.032227
vt 0.023926 0.000000
vt 0.009033 0.067383
vt 0.052002 0.105469
vt 0.104248 0.020508
vt 0.783936 0.877197
vt 0.810303 0.886719
vt 0.812012 0.892090
vt 0.781250 0.881104
vt 0.788818 0.887207
vt 0.789551 0.892578
vt 0.766113 0.890869
vt 0.764404 0.886475
vt 0.761230 0.886963
vt 0.766357 0.896973
vt 0.756592 0.894531
vt 0.721436 0.892334
vt 0.762207 0.882568
vt 0.760010 0.877930
vt 0.718506 0.868896
vt 0.717529 0.892578
vt 0.766113 0.877686
vt 0.759033 0.855469
vt 0.708496 0.855957
vt 0.783447 0.835938
vt 0.792969 0.843994
vt 0.748047 0.833008
vt 0.706055 0.833252
vt 0.703857 0.846924
vt 0.693848 0.843750
vt 0.702637 0.869141
vt 0.686768 0.855469
vt 0.681641 0.832520
vt 0.757812 0.840576
vt 0.781738 0.830322
vt 0.809814 0.811523
vt 0.757812 0.835938
vt 0.777100 0.824951
vt 0.758545 0.831299
vt 0.759766 0.827393
vt 0.754395 0.811523
vt 0.613281 0.526367
vt 0.634766 0.519775
vt 0.638672 0.525879
vt 0.663818 0.579834
vt 0.668213 0.524658
vt 0.651123 0.588135
vt 0.660645 0.586182
vt 0.594727 0.562744
vt 0.566650 0.570068
vt 0.561035 0.563965
vt 0.595459 0.528076
vt 0.554932 0.559326
vt 0.561523 0.573975
vt 0.556396 0.568115
vt 0.551025 0.566162
vt 0.570557 0.576416
vt 0.584473 0.604736
vt 0.563721 0.579834
vt 0.554688 0.574951
vt 0.555176 0.581787
vt 0.549072 0.573486
vt 0.529541 0.570801
vt 0.510010 0.548584
vt 0.547852 0.581055
vt 0.483154 0.588379
vt 0.551025 0.610596
vt 0.482178 0.604980
vt 0.507568 0.634033
vt 0.570312 0.630127
vt 0.539795 0.634033
vt 0.520020 0.644287
vt 0.563477 0.647461
vt 0.587158 0.641602
vt 0.588135 0.682129
vt 0.604492 0.695068
vt 0.576416 0.702148
vt 0.560547 0.680420
vt 0.599365 0.639648
vt 0.617188 0.690186
vt 0.625000 0.654053
vt 0.648193 0.674805
vt 0.672119 0.653076
vt 0.634766 0.613037
vt 0.671143 0.627441
vt 0.707031 0.593018
vt 0.679688 0.588867
vt 0.659424 0.596924
vt 0.659424 0.589111
vt 0.701416 0.581543
vt 0.704590 0.574707
vt 0.551025 0.662109
vt 0.555664 0.677246
vt 0.551025 0.666016
vt 0.548584 0.652588
vt 0.548340 0.659180
vt 0.539307 0.670654
vt 0.541260 0.676514
vt 0.534424 0.667236
vt 0.536377 0.647217
vt 0.539795 0.648926
vt 0.524414 0.645752
vt 0.515137 0.645996
vt 0.527100 0.646729
vt 0.525635 0.663574
vt 0.414062 0.647705
vt 0.411377 0.643311
vt 0.416504 0.643311
vt 0.406494 0.646729
vt 0.409668 0.652344
vt 0.419189 0.650146
vt 0.422119 0.644775
vt 0.414551 0.655273
vt 0.453857 0.667725
vt 0.403320 0.666992
vt 0.446045 0.677490
vt 0.449707 0.672607
vt 0.458008 0.671631
vt 0.454102 0.676514
vt 0.459473 0.678223
vt 0.466064 0.678711
vt 0.463135 0.671143
vt 0.457764 0.684570
vt 0.452148 0.680908
vt 0.515625 0.672852
vt 0.438232 0.697754
vt 0.437012 0.724121
vt 0.416260 0.733643
vt 0.399414 0.714355
vt 0.372314 0.746338
vt 0.414307 0.770996
vt 0.441650 0.745117
vt 0.458984 0.721680
vt 0.453125 0.755615
vt 0.467529 0.686523
vt 0.512451 0.717529
vt 0.509033 0.780273
vt 0.493164 0.684814
vt 0.515381 0.678955
vt 0.521729 0.678467
vt 0.521484 0.674316
vt 0.514893 0.684814
vt 0.519531 0.688232
vt 0.519043 0.733887
vt 0.515625 0.780518
vt 0.524658 0.775635
vt 0.529297 0.729004
vt 0.537109 0.756836
vt 0.259277 0.100586
vt 0.265869 0.101807
vt 0.264648 0.106934
vt 0.267578 0.094971
vt 0.255859 0.109619
vt 0.264160 0.113281
vt 0.258789 0.119629
vt 0.260986 0.091064
vt 0.272461 0.042969
vt 0.240479 0.097656
vt 0.209717 0.101074
vt 0.206787 0.105957
vt 0.193604 0.133545
vt 0.182617 0.137695
vt 0.264893 0.043213
vt 0.272461 0.036621
vt 0.266357 0.035889
vt 0.238281 0.043701
vt 0.209473 0.037842
vt 0.199951 0.102783
vt 0.209961 0.085693
vt 0.206787 0.044922
vt 0.202637 0.037842
vt 0.202637 0.097412
vt 0.209229 0.093018
vt 0.192871 0.096924
vt 0.159668 0.157715
vt 0.156982 0.166992
vt 0.187988 0.088135
vt 0.202637 0.090576
vt 0.197021 0.092773
vt 0.202393 0.085205
vt 0.194824 0.086182
vt 0.201172 0.068604
vt 0.199463 0.045898
vt 0.194092 0.044678
vt 0.189453 0.043457
vt 0.162354 0.035645
vt 0.191162 0.037109
vt 0.158203 0.026855
vt 0.197021 0.038818
vt 0.199463 0.034424
vt 0.193848 0.031738
vt 0.150391 0.017090
vt 0.947021 0.343262
vt 0.984619 0.322021
vt 0.984863 0.328613
vt 0.975342 0.338623
vt 0.927002 0.386719
vt 0.986084 0.388672
vt 0.901611 0.329590
vt 0.975098 0.306152
vt 0.926270 0.304443
vt 0.967529 0.257568
vt 0.928711 0.241211
vt 0.959961 0.246826
vt 0.925537 0.225098
vt 0.330811 0.815430
vt 0.308350 0.822021
vt 0.260010 0.817383
vt 0.378906 0.863525
vt 0.389160 0.863525
vt 0.334229 0.805664
vt 0.373535 0.840576
vt 0.391846 0.859863
vt 0.425049 0.821045
vt 0.410889 0.809814
vt 0.368896 0.761230
vt 0.332031 0.721436
vt 0.375000 0.755371
vt 0.426514 0.809326
vt 0.115234 0.542969
vt 0.068115 0.542725
vt 0.162842 0.529541
vt 0.050781 0.571045
vt 0.133301 0.468018
vt 0.062744 0.480713
vt 0.064453 0.469482
vt 0.118408 0.461182
vt 0.046143 0.460205
vt 0.127686 0.446289
vt 0.054443 0.445068
vt 0.404541 0.157471
vt 0.399658 0.140869
vt 0.404297 0.137939
vt 0.424561 0.135986
vt 0.401123 0.116699
vt 0.433594 0.159180
vt 0.385498 0.138428
vt 0.396484 0.142578
vt 0.392822 0.145020
vt 0.364990 0.121582
vt 0.358643 0.088867
vt 0.412842 0.091309
vt 0.358398 0.082520
vt 0.440674 0.137695
vt 0.438721 0.159180
vt 0.453857 0.124756
vt 0.444580 0.139160
vt 0.444824 0.148193
vt 0.449951 0.139648
vt 0.444580 0.155762
vt 0.453857 0.141602
vt 0.458252 0.167969
vt 0.477295 0.143066
vt 0.477783 0.114258
vt 0.521729 0.136719
vt 0.453125 0.091064
vt 0.503418 0.090088
vt 0.530273 0.122803
vt 0.497559 0.074219
vt 0.446533 0.083740
vt 0.409912 0.083740
vt 0.357910 0.076416
vt 0.502441 0.074219
vt 0.440430 0.078125
vt 0.426270 0.073975
vt 0.393066 0.067871
vt 0.357422 0.070068
vt 0.469238 0.072754
vt 0.494629 0.069580
vt 0.462646 0.066162
vt 0.453857 0.059570
vt 0.406738 0.031006
vt 0.372559 0.022461
vt 0.370361 0.000244
vt 0.460938 0.024902
vt 0.426758 0.007324
vt 0.497559 0.028809
vt 0.499756 0.004150
vt 0.494141 0.060303
vt 0.492920 0.065430
vt 0.496582 0.039062
vt 0.500000 0.069336
vt 0.498779 0.065430
vt 0.504883 0.067383
vt 0.499512 0.062256
vt 0.506348 0.034912
vt 0.513428 0.013428
vt 0.516602 0.034912
vt 0.506836 0.062744
vt 0.517090 0.050049
vt 0.534912 0.022217
vt 0.531250 0.083008
vt 0.512207 0.066406
vt 0.509521 0.071289
vt 0.527100 0.096924
vt 0.544922 0.132324
vt 0.535156 0.128906
vt 0.851807 0.875977
vt 0.822266 0.854492
vt 0.845459 0.827148
vt 0.819336 0.933105
vt 0.857422 0.896973
vt 0.179932 0.998535
vt 0.116455 0.998535
vt 0.176514 0.989502
vt 0.725342 0.537354
vt 0.718262 0.531494
vt 0.705566 0.473633
vt 0.677002 0.571045
vt 0.714844 0.483887
vt 0.733887 0.543945
vt 0.708008 0.552490
vt 0.783447 0.484375
vt 0.819092 0.570557
vt 0.824707 0.555908
vt 0.798340 0.481445
vt 0.825928 0.508057
vt 0.796387 0.472168
vt 0.823486 0.492432
vt 0.801758 0.442871
vt 0.878662 0.505371
vt 0.873291 0.456543
vt 0.886230 0.495850
vt 0.043701 0.585205
vt 0.055664 0.579590
vt 0.049561 0.591797
vt 0.043457 0.590576
vt 0.000977 0.581055
vt 0.906250 0.825684
vt 0.920898 0.789795
vt 0.936035 0.839600
vt 0.939453 0.777344
vt 0.955078 0.722656
vt 0.895752 0.761963
vt 0.865479 0.837891
vt 0.850098 0.745850
vt 0.847412 0.808350
vt 0.840820 0.749512
vt 0.836914 0.794434
vt 0.817871 0.833984
vt 0.820557 0.730225
vt 0.675537 0.971924
vt 0.653809 0.965576
vt 0.683838 0.951904
vt 0.680420 0.940918
vt 0.707031 0.956787
vt 0.678711 0.902100
vt 0.690918 0.899170
vt 0.686279 0.941650
vt 0.697754 0.908691
vt 0.682373 0.869873
vt 0.703613 0.913086
vt 0.690674 0.942627
vt 0.695557 0.944092
vt 0.700195 0.944092
vt 0.718506 0.902100
vt 0.724609 0.956299
vt 0.735596 0.968506
vt 0.760498 0.915039
vt 0.754395 0.941650
vt 0.739990 0.971436
vt 0.767334 0.923340
vt 0.770020 0.929443
vt 0.947021 0.610596
vt 0.968750 0.655029
vt 0.932617 0.644287
vt 0.907959 0.592773
vt 0.930176 0.656738
vt 0.885742 0.618896
vt 0.885986 0.559570
vt 0.883545 0.631592
vt 0.926758 0.660400
vt 0.922607 0.663574
vt 0.839844 0.631104
vt 0.832275 0.642090
vt 0.912354 0.676270
vt 0.922607 0.676758
vt 0.826416 0.709717
vt 0.900146 0.732910
vt 0.836670 0.726562
vt 0.903320 0.741943
vt 0.472656 0.884766
vt 0.408203 0.908447
vt 0.427734 0.865967
vt 0.404053 0.904297
vt 0.480225 0.936279
vt 0.483154 0.875977
vt 0.409912 0.915039
vt 0.493896 0.943848
vt 0.498535 0.888428
vt 0.520264 0.971680
vt 0.515381 0.908447
vt 0.480469 0.982666
vt 0.433105 0.952393
vt 0.409912 0.921631
vt 0.408691 0.982422
vt 0.409668 0.975586
vt 0.256836 0.130859
vt 0.290039 0.153076
vt 0.264160 0.156738
vt 0.256104 0.207031
vt 0.298584 0.270264
vt 0.243896 0.219727
vt 0.312500 0.201172
vt 0.289307 0.149170
vt 0.264160 0.133057
vt 0.312500 0.162354
vt 0.282715 0.112305
vt 0.306641 0.157227
vt 0.326660 0.177490
vt 0.339111 0.201904
vt 0.332031 0.177734
vt 0.319336 0.158447
vt 0.327393 0.169678
vt 0.332031 0.174072
vt 0.337646 0.173584
vt 0.354492 0.183105
vt 0.357666 0.178467
vt 0.346436 0.171143
vt 0.333252 0.170898
vt 0.337402 0.167480
vt 0.343750 0.165039
vt 0.361084 0.173828
vt 0.332764 0.163818
vt 0.340820 0.161621
vt 0.372803 0.166504
vt 0.355713 0.162354
vt 0.337402 0.145264
vt 0.375000 0.154541
vt 0.357422 0.140869
vt 0.346191 0.135742
vt 0.356201 0.131348
vt 0.349609 0.125244
vt 0.333740 0.136963
vt 0.321533 0.135498
vt 0.335938 0.125488
vt 0.350586 0.112793
vt 0.342285 0.114014
vt 0.341064 0.110352
vt 0.330322 0.113037
vt 0.323486 0.124023
vt 0.307373 0.130615
vt 0.323975 0.108398
vt 0.311035 0.120361
vt 0.294189 0.122559
vt 0.313721 0.109375
vt 0.297607 0.111084
vt 0.285156 0.100586
vt 0.277588 0.094238
vt 0.294434 0.096191
vt 0.314941 0.105469
vt 0.329834 0.086426
vt 0.300293 0.095703
vt 0.291504 0.082764
vt 0.309570 0.065186
vt 0.688477 0.665283
vt 0.701904 0.679932
vt 0.682617 0.685791
vt 0.709229 0.670166
vt 0.713623 0.658691
vt 0.718506 0.674561
vt 0.723877 0.663086
vt 0.716064 0.645508
vt 0.716064 0.684570
vt 0.725586 0.650391
vt 0.719727 0.633545
vt 0.733643 0.671387
vt 0.732422 0.688232
vt 0.738281 0.678711
vt 0.734131 0.658936
vt 0.737549 0.666748
vt 0.767090 0.677979
vt 0.728760 0.637939
vt 0.738037 0.654785
vt 0.735840 0.649170
vt 0.733398 0.626465
vt 0.726074 0.619385
vt 0.742920 0.620117
vt 0.741455 0.633545
vt 0.744385 0.635986
vt 0.750732 0.627686
vt 0.748535 0.625000
vt 0.762451 0.622070
vt 0.774414 0.629150
vt 0.737061 0.610107
vt 0.715088 0.602295
vt 0.768066 0.617188
vt 0.762451 0.610107
vt 0.767090 0.620117
vt 0.751709 0.603271
vt 0.744385 0.593994
vt 0.729004 0.588379
vt 0.751953 0.594238
vt 0.750977 0.592773
vt 0.729004 0.586426
vt 0.757812 0.590820
vt 0.764160 0.580566
vt 0.763428 0.598145
vt 0.760254 0.600342
vt 0.766113 0.597900
vt 0.767822 0.601318
vt 0.771973 0.594238
vt 0.784912 0.614258
vt 0.802490 0.612549
vt 0.817627 0.584961
vt 0.816650 0.623779
vt 0.866699 0.614746
vt 0.821777 0.654541
vt 0.802246 0.653320
vt 0.779541 0.628662
vt 0.798584 0.655762
vt 0.774902 0.664307
vt 0.775391 0.667480
vt 0.778809 0.666992
vt 0.773682 0.671387
vt 0.105713 0.205811
vt 0.088623 0.188232
vt 0.103027 0.199951
vt 0.102051 0.196289
vt 0.108643 0.202881
vt 0.113281 0.207031
vt 0.110107 0.200684
vt 0.104736 0.191895
vt 0.098145 0.182373
vt 0.108887 0.191162
vt 0.112305 0.198486
vt 0.114746 0.194580
vt 0.097900 0.178711
vt 0.117676 0.201660
vt 0.119141 0.196289
vt 0.115723 0.181641
vt 0.130127 0.184326
vt 0.120850 0.203857
vt 0.141602 0.188232
vt 0.139648 0.177979
vt 0.121338 0.218262
vt 0.122314 0.219238
vt 0.120605 0.228516
vt 0.082031 0.204590
vt 0.141602 0.201172
vt 0.128174 0.244385
vt 0.079102 0.254150
vt 0.128662 0.236816
vt 0.143066 0.214844
vt 0.151367 0.199463
vt 0.150879 0.187500
vt 0.151855 0.176514
vt 0.159180 0.188721
vt 0.161865 0.189453
vt 0.164307 0.182617
vt 0.159912 0.197266
vt 0.163330 0.198975
vt 0.152100 0.211182
vt 0.183350 0.196045
vt 0.154785 0.219727
vt 0.163330 0.217529
vt 0.165283 0.209473
vt 0.167236 0.217529
vt 0.161133 0.230469
vt 0.146973 0.224121
vt 0.152832 0.235352
vt 0.159668 0.245361
vt 0.172363 0.230469
vt 0.166992 0.239258
vt 0.174805 0.246094
vt 0.168457 0.252441
vt 0.183350 0.239746
vt 0.143066 0.266357
vt 0.137207 0.264160
vt 0.136475 0.313965
vt 0.148438 0.272705
vt 0.176758 0.230225
vt 0.182129 0.233154
vt 0.187012 0.239746
vt 0.196533 0.209717
vt 0.193359 0.199951
vt 0.206055 0.211426
vt 0.211426 0.207764
vt 0.200195 0.208984
vt 0.195801 0.201172
vt 0.202393 0.209473
vt 0.062012 0.319092
vt 0.110352 0.283691
vt 0.076904 0.346191
vt 0.056152 0.327393
vt 0.143799 0.402832
vt 0.138672 0.346924
vt 0.439941 0.398438
vt 0.423584 0.420166
vt 0.423584 0.415283
vt 0.422119 0.418213
vt 0.439697 0.438232
vt 0.457764 0.421143
vt 0.475342 0.450439
vt 0.415527 0.412109
vt 0.407471 0.392090
vt 0.417969 0.418945
vt 0.414307 0.417969
vt 0.412354 0.437256
vt 0.426514 0.457764
vt 0.392822 0.458984
vt 0.434814 0.488770
vt 0.467041 0.467041
vt 0.485596 0.447510
vt 0.413574 0.482666
vt 0.389160 0.463135
vt 0.396240 0.479736
vt 0.431641 0.493164
vt 0.429443 0.497070
vt 0.437500 0.491699
vt 0.434814 0.495117
vt 0.427490 0.501465
vt 0.383545 0.483398
vt 0.432861 0.498779
vt 0.427246 0.516357
vt 0.430908 0.502930
vt 0.387207 0.515625
vt 0.403320 0.554932
vt 0.385986 0.554199
vt 0.436768 0.569824
vt 0.442627 0.570312
vt 0.437012 0.498047
vt 0.444092 0.551514
vt 0.455811 0.571045
vt 0.453857 0.563477
vt 0.440430 0.514893
vt 0.444092 0.498535
vt 0.438232 0.501465
vt 0.441406 0.495117
vt 0.464600 0.508057
vt 0.511475 0.518311
vt 0.475098 0.470703
vt 0.489746 0.455811
vt 0.489502 0.468262
vt 0.531250 0.466797
vt 0.565918 0.533447
vt 0.585693 0.498535
vt 0.946533 0.443115
vt 0.988770 0.443115
vt 0.983643 0.476318
vt 0.052246 0.280762
vt 0.100586 0.275635
vt 0.044678 0.314453
vt 0.970215 0.549561
vt 0.970215 0.611572
vt 0.912354 0.571045
vt 0.049316 0.539551
vt 0.009033 0.554932
vt 0.056641 0.518799
vt 0.053223 0.542480
vt 0.040527 0.563721
vt 0.047363 0.328369
vt 0.011230 0.324463
vt 0.040283 0.322510
vt 0.037842 0.332275
vt 0.003418 0.252441
vt 0.026855 0.250000
vt 0.055176 0.270508
vt 0.021484 0.270508
vt 0.108643 0.949951
vt 0.098877 0.934814
vt 0.112305 0.950928
vt 0.106201 0.956055
vt 0.102783 0.942383
vt 0.106934 0.949707
vt 0.088867 0.951904
vt 0.099854 0.958008
vt 0.096924 0.942383
vt 0.100830 0.963379
vt 0.091064 0.940674
vt 0.088379 0.945068
vt 0.084961 0.948975
vt 0.081787 0.949463
vt 0.075439 0.972168
vt 0.070312 0.929688
vt 0.087646 0.914062
vt 0.051514 0.945801
vt 0.071289 0.977051
vt 0.073242 0.912598
vt 0.075684 0.909180
vt 0.045166 0.936035
vt 0.066650 0.910400
vt 0.078613 0.898682
vt 0.056152 0.920654
vt 0.062012 0.916504
vt 0.056885 0.915039
vt 0.050537 0.922607
vt 0.046143 0.944336
vt 0.041992 0.935059
vt 0.031006 0.941895
vt 0.053711 0.980957
vt 0.015625 0.953369
vt 0.010986 0.948730
vt 0.030762 0.930420
vt 0.034180 0.928711
vt 0.045410 0.912598
vt 0.027344 0.917236
vt 0.022217 0.917236
vt 0.038086 0.904297
vt 0.028809 0.904541
vt 0.008301 0.921387
vt 0.020508 0.903809
vt 0.020508 0.901367
vt 0.030029 0.894287
vt 0.049316 0.897217
vt 0.043701 0.891113
vt 0.064697 0.881104
vt 0.052734 0.863037
vt 0.058594 0.893066
vt 0.065918 0.890381
vt 0.054688 0.905273
vt 0.061035 0.901855
vt 0.391357 0.962158
vt 0.399902 0.982910
vt 0.371582 0.960449
vt 0.332764 0.963135
vt 0.358154 0.934570
vt 0.311523 0.942139
vt 0.288574 0.980225
vt 0.336426 0.953125
vt 0.355957 0.943848
vt 0.342529 0.947510
vt 0.336426 0.936523
vt 0.956787 0.694824
vt 0.935059 0.710938
vt 0.947998 0.684570
vt 0.936523 0.679443
vt 0.920654 0.711914
vt 0.944336 0.678711
vt 0.932617 0.671143
vt 0.944580 0.673340
vt 0.947754 0.677002
vt 0.952637 0.674561
vt 0.958008 0.672119
vt 0.949219 0.680664
vt 0.964111 0.682373
vt 0.954834 0.682861
vt 0.957520 0.681152
vt 0.965332 0.691162
vt 0.973633 0.676025
vt 0.979248 0.709961
vt 0.989014 0.703369
vt 0.990723 0.708496
vt 0.260742 0.526855
vt 0.266357 0.532715
vt 0.257568 0.533936
vt 0.269287 0.540771
vt 0.253418 0.521240
vt 0.248779 0.531982
vt 0.218750 0.527588
vt 0.174561 0.510742
vt 0.173340 0.521729
vt 0.173096 0.531982
vt 0.246338 0.541992
vt 0.205322 0.582520
vt 0.151367 0.611816
vt 0.258545 0.542480
vt 0.254395 0.572266
vt 0.254150 0.611572
vt 0.269775 0.599365
vt 0.285400 0.609619
vt 0.801270 0.354980
vt 0.793213 0.351807
vt 0.796631 0.343262
vt 0.783936 0.348145
vt 0.807373 0.349121
vt 0.816406 0.361572
vt 0.787598 0.338867
vt 0.770020 0.326172
vt 0.709473 0.295410
vt 0.796143 0.321289
vt 0.718018 0.283691
vt 0.709961 0.277588
vt 0.747559 0.226074
vt 0.775391 0.222412
vt 0.775391 0.213135
vt 0.792480 0.241699
vt 0.785889 0.217773
vt 0.782471 0.209229
vt 0.831787 0.277832
vt 0.837891 0.270508
vt 0.794678 0.209229
vt 0.846436 0.264160
vt 0.840332 0.282959
vt 0.789307 0.203613
vt 0.782959 0.201416
vt 0.802734 0.201172
vt 0.795654 0.195557
vt 0.786377 0.193604
vt 0.830811 0.129395
vt 0.831543 0.142334
vt 0.861816 0.139893
vt 0.876221 0.202881
vt 0.854980 0.259766
vt 0.912354 0.238770
vt 0.912842 0.256836
vt 0.859131 0.270264
vt 0.904785 0.272461
vt 0.851562 0.271729
vt 0.844727 0.275879
vt 0.852295 0.279541
vt 0.860596 0.280762
vt 0.848145 0.288818
vt 0.857666 0.291260
vt 0.871582 0.291504
vt 0.914307 0.287842
vt 0.861328 0.369141
vt 0.819336 0.353271
vt 0.883301 0.393066
vt 0.114014 0.632324
vt 0.157471 0.642334
vt 0.155029 0.694580
vt 0.120361 0.697754
vt 0.107422 0.754883
vt 0.188721 0.679443
vt 0.213379 0.710205
vt 0.186768 0.668457
vt 0.226807 0.673828
vt 0.157715 0.623291
vt 0.177002 0.629639
vt 0.596924 0.297363
vt 0.596191 0.308105
vt 0.587158 0.307129
vt 0.594482 0.315674
vt 0.590088 0.296387
vt 0.588867 0.286621
vt 0.583984 0.316162
vt 0.705322 0.363525
vt 0.581787 0.299561
vt 0.572998 0.304932
vt 0.510986 0.355469
vt 0.473877 0.410889
vt 0.537109 0.308594
vt 0.579102 0.289795
vt 0.569824 0.293945
vt 0.575439 0.264160
vt 0.575439 0.228027
vt 0.553711 0.239502
vt 0.486816 0.250488
vt 0.550781 0.212402
vt 0.554932 0.200928
vt 0.539062 0.208740
vt 0.475098 0.201172
vt 0.475098 0.185303
vt 0.538086 0.196289
vt 0.542725 0.196045
vt 0.550049 0.192139
vt 0.566650 0.111328
vt 0.571533 0.035400
vt 0.580566 0.095215
vt 0.552734 0.120850
vt 0.554688 0.053711
vt 0.222412 0.915771
vt 0.272217 0.989014
vt 0.211670 0.980469
vt 0.269043 0.892578
vt 0.208252 0.910889
vt 0.198975 0.908447
vt 0.201172 0.990967
vt 0.187500 0.986816
vt 0.124512 0.089600
vt 0.099365 0.132080
vt 0.094727 0.119141
vt 0.121826 0.053223
vt 0.082275 0.079346
vt 0.115234 0.134033
vt 0.078857 0.167969
vt 0.136963 0.133057
vt 0.081787 0.175537
vt 0.587891 0.983398
vt 0.513184 0.989990
vt 0.491699 0.982178
vt 0.085449 0.375000
vt 0.019775 0.404297
vt 0.008545 0.368408
vt 0.034180 0.342285
vt 0.021240 0.415771
vt 0.103027 0.384766
vt 0.069580 0.414307
vt 0.013184 0.424316
vt 0.029053 0.427979
vt 0.066406 0.422852
vt 0.084961 0.436768
vt 0.054199 0.482422
vt 0.003418 0.482422
vt 0.037598 0.468750
vt 0.372070 0.906250
vt 0.342529 0.886475
vt 0.372314 0.886719
vt 0.332520 0.912354
vt 0.306396 0.889404
vt 0.354248 0.877441
vt 0.401855 0.885742
vt 0.388916 0.875244
vt 0.315186 0.862061
vt 0.316406 0.876465
vt 0.315430 0.869873
vt 0.307617 0.874023
vt 0.284180 0.893799
vt 0.310791 0.869385
vt 0.311035 0.863770
vt 0.308838 0.857910
vt 0.312988 0.857422
vt 0.305420 0.850098
vt 0.308105 0.848877
vt 0.304688 0.861084
vt 0.306641 0.865723
vt 0.298828 0.865234
vt 0.288086 0.853271
vt 0.281738 0.878174
vt 0.302002 0.868164
vt 0.284180 0.884277
vt 0.340332 0.039307
vt 0.302979 0.034424
vt 0.324463 0.012939
vt 0.348877 0.089355
vt 0.993896 0.227783
vt 0.991943 0.278809
vt 0.984131 0.229248
vt 0.979248 0.230469
vt 0.992432 0.312500
vt 0.480713 0.295898
vt 0.508301 0.314209
vt 0.459229 0.341797
vt 0.449951 0.300537
vt 0.469727 0.271484
vt 0.453857 0.330078
vt 0.454102 0.343018
vt 0.435547 0.271729
vt 0.442383 0.299805
vt 0.439453 0.312988
vt 0.433594 0.315186
vt 0.448730 0.353516
vt 0.434570 0.292725
vt 0.434082 0.338135
vt 0.457764 0.242676
vt 0.462158 0.203857
vt 0.429688 0.239746
vt 0.444092 0.209229
vt 0.456543 0.195557
vt 0.428467 0.317139
vt 0.428467 0.266602
vt 0.426514 0.286621
vt 0.420898 0.262695
vt 0.392334 0.336426
vt 0.408447 0.358887
vt 0.375488 0.352295
vt 0.379150 0.344238
vt 0.380859 0.340576
vt 0.381836 0.334229
vt 0.419189 0.281494
vt 0.393066 0.289551
vt 0.382568 0.328613
vt 0.368896 0.335205
vt 0.374756 0.308838
vt 0.376953 0.310547
vt 0.371826 0.300049
vt 0.347656 0.322266
vt 0.415771 0.263428
vt 0.370361 0.295898
vt 0.363770 0.298828
vt 0.340820 0.309814
vt 0.366699 0.293213
vt 0.364258 0.284180
vt 0.362061 0.289062
vt 0.349365 0.298828
vt 0.339355 0.278809
vt 0.360107 0.260742
vt 0.404541 0.224121
vt 0.347168 0.229004
vt 0.400391 0.218262
vt 0.340088 0.220947
vt 0.350830 0.207275
vt 0.408691 0.218262
vt 0.413086 0.227539
vt 0.423584 0.245605
vt 0.417969 0.225586
vt 0.422607 0.221924
vt 0.416504 0.218262
vt 0.420898 0.214844
vt 0.409912 0.212646
vt 0.414551 0.208496
vt 0.434570 0.197754
vt 0.466064 0.177734
vt 0.427002 0.188232
vt 0.403076 0.209229
vt 0.405762 0.203857
vt 0.369629 0.197021
vt 0.394287 0.165283
vt 0.184814 0.862549
vt 0.183350 0.857910
vt 0.205566 0.854980
vt 0.186768 0.867676
vt 0.178711 0.859619
vt 0.182617 0.867676
vt 0.181396 0.863281
vt 0.186279 0.873047
vt 0.227295 0.874023
vt 0.208984 0.898926
vt 0.178223 0.894287
vt 0.181641 0.872314
vt 0.178223 0.865723
vt 0.176270 0.869629
vt 0.175049 0.863281
vt 0.171875 0.867188
vt 0.154785 0.847412
vt 0.142090 0.836670
vt 0.137939 0.826172
vt 0.137207 0.842285
vt 0.125000 0.824463
vt 0.115967 0.820068
vt 0.100342 0.850098
vt 0.111328 0.858398
vt 0.099365 0.861572
vt 0.112061 0.866455
vt 0.091309 0.865234
vt 0.098633 0.869873
vt 0.113281 0.873047
vt 0.129395 0.887451
vt 0.110107 0.876953
vt 0.082031 0.869873
vt 0.107422 0.889404
vt 0.088867 0.899170
vt 0.100830 0.902100
vt 0.117432 0.923096
vt 0.137939 0.919434
vt 0.150146 0.891357
vt 0.157959 0.890625
vt 0.146484 0.919434
vt 0.161865 0.894531
vt 0.155273 0.916992
vt 0.167725 0.897461
vt 0.162598 0.914062
vt 0.157959 0.924072
vt 0.166992 0.917969
vt 0.175781 0.914307
vt 0.175293 0.916504
vt 0.182861 0.914795
vt 0.187744 0.918457
vt 0.163574 0.736816
vt 0.167725 0.768066
vt 0.159912 0.747559
vt 0.163574 0.764404
vt 0.183350 0.753906
vt 0.182861 0.764160
vt 0.182617 0.775635
vt 0.190918 0.762451
vt 0.192627 0.751953
vt 0.199219 0.756348
vt 0.190674 0.772217
vt 0.198486 0.767334
vt 0.203613 0.760986
vt 0.183350 0.784912
vt 0.170166 0.783203
vt 0.166260 0.782715
vt 0.180664 0.802734
vt 0.200684 0.768799
vt 0.208740 0.754639
vt 0.198486 0.776123
vt 0.191895 0.781494
vt 0.195557 0.791748
vt 0.212402 0.788574
vt 0.232910 0.778320
vt 0.201172 0.777588
vt 0.199463 0.781250
vt 0.203857 0.786621
vt 0.202393 0.789551
vt 0.206787 0.792480
vt 0.210205 0.797852
vt 0.187256 0.795166
vt 0.193848 0.804199
vt 0.201416 0.800781
vt 0.211182 0.802979
vt 0.216797 0.805420
vt 0.205811 0.806152
vt 0.216309 0.807861
vt 0.229492 0.799316
vt 0.245361 0.791992
vt 0.251709 0.793945
vt 0.253418 0.805664
vt 0.202148 0.812744
vt 0.208740 0.813477
vt 0.199951 0.815430
vt 0.196777 0.818115
vt 0.203857 0.818848
vt 0.198975 0.818848
vt 0.198975 0.822754
vt 0.191650 0.814209
vt 0.172119 0.807129
vt 0.196777 0.831543
vt 0.205322 0.821533
vt 0.189941 0.846436
vt 0.162109 0.812744
vt 0.159424 0.828369
vt 0.202881 0.826660
vt 0.209229 0.821045
vt 0.210693 0.826904
vt 0.226562 0.823975
vt 0.224365 0.815430
vt 0.241699 0.822021
vt 0.292236 0.843750
vt 0.918213 0.956787
vt 0.981934 0.988281
vt 0.923096 0.989990
vt 0.989014 0.999756
vt 0.913574 0.997803
vt 0.989014 0.937744
vt 0.944824 0.924561
vt 0.991455 0.109619
vt 0.996582 0.139648
vt 0.993652 0.191895
vt 0.980225 0.137451
vt 0.984863 0.189941
vt 0.979492 0.219727
vt 0.031494 0.288574
vt 0.032471 0.278564
vt 0.041504 0.281738
vt 0.025146 0.288086
vt 0.036865 0.294434
vt 0.030762 0.294434
vt 0.063477 0.245117
vt 0.070557 0.266357
vt 0.033447 0.237305
vt 0.039062 0.206299
vt 0.071045 0.234863
vt 0.071289 0.178467
vt 0.055420 0.184082
vt 0.008301 0.214600
vt 0.037354 0.185547
vt 0.024902 0.125732
vt 0.000488 0.110107
vt 0.013916 0.095703
vt 0.027588 0.120850
vt 0.016113 0.126465
vt 0.029053 0.124756
vt 0.053223 0.127197
vt 0.075195 0.114258
vt 0.029785 0.130127
vt 0.028320 0.135742
vt 0.021729 0.144531
vt 0.054932 0.132812
vt 0.083252 0.134766
vt 0.072266 0.138184
vt 0.075195 0.145996
vt 0.052002 0.170410
vt 0.030029 0.150391
vt 0.022705 0.171143
vt 0.015869 0.159912
vt 0.009766 0.121582
vt 0.012695 0.141113
vt 0.006348 0.155518
vt 0.002930 0.122559
vt 0.093262 0.613525
vt 0.063965 0.584229
vt 0.107666 0.600830
vt 0.083496 0.612305
vt 0.098633 0.620361
vt 0.123047 0.593994
vt 0.104492 0.625000
vt 0.138184 0.584229
vt 0.096924 0.626221
vt 0.099609 0.693359
vt 0.104980 0.691406
vt 0.048584 0.854492
vt 0.010254 0.854492
vt 0.029297 0.846924
vt 0.799072 0.942383
vt 0.843750 0.979980
vt 0.750244 0.978516
vt 0.079346 0.821045
vt 0.058838 0.847412
vt 0.052490 0.840820
vt 0.039062 0.826416
vt 0.130859 0.783691
vt 0.140869 0.786865
vt 0.079590 0.751221
vt 0.024902 0.786865
vt 0.041260 0.758057
vt 0.089600 0.720703
vt 0.023193 0.764648
vt 0.083496 0.707031
vt 0.055664 0.710938
vt 0.805664 0.034912
vt 0.749756 0.094482
vt 0.801758 0.022461
vt 0.743408 0.117432
vt 0.774902 0.046387
vt 0.729004 0.095703
vt 0.708252 0.040771
vt 0.768555 0.000000
vt 0.686035 0.063232
vt 0.612305 0.017090
vt 0.657227 0.059082
vt 0.957520 0.166992
vt 0.960205 0.107666
vt 0.968506 0.157471
vt 0.971191 0.069824
vt 0.947998 0.152100
vt 0.953613 0.106445
vt 0.945312 0.108398
vt 0.937012 0.156738
vt 0.965820 0.071289
vt 0.960449 0.071777
vt 0.964355 0.064209
vt 0.967529 0.060791
vt 0.960449 0.065186
vt 0.954834 0.071533
vt 0.960693 0.059570
vt 0.963135 0.054199
vt 0.955322 0.065430
vt 0.955811 0.058594
vt 0.956543 0.052002
vt 0.949951 0.005615
vt 0.916016 0.070801
vt 0.917480 0.058350
vt 0.916992 0.064697
vt 0.911865 0.063721
vt 0.895020 0.104980
vt 0.875244 0.152588
vt 0.872070 0.121582
vt 0.908936 0.069336
vt 0.864746 0.114014
vt 0.911865 0.058838
vt 0.903809 0.065186
vt 0.907471 0.060547
vt 0.909912 0.052490
vt 0.903809 0.056152
vt 0.878418 0.082764
vt 0.898926 0.059570
vt 0.859375 0.113037
vt 0.849365 0.124268
vt 0.836670 0.048096
vt 0.812012 0.083740
vt 0.820557 0.053467
vt 0.873047 0.010742
vt 0.874512 0.017578
vt 0.878906 0.006592
vt 0.881104 0.012939
vt 0.889160 0.010986
vt 0.885742 0.005371
vt 0.897217 0.009277
vt 0.893555 0.003906
vt 0.916504 0.051270
vt 0.911865 0.009766
vt 0.942871 0.005859
vt 0.941162 0.000244
vt 0.947998 0.000488
vt 0.637695 0.913574
vt 0.657227 0.898926
vt 0.631836 0.933105
vt 0.598145 0.853760
vt 0.673584 0.876953
vt 0.572510 0.918457
vt 0.595215 0.826172
vt 0.545410 0.930420
vt 0.557617 0.865723
vt 0.987549 0.760742
vt 0.948730 0.788818
vt 0.958740 0.749512
vt 0.947998 0.407959
vt 0.995850 0.423584
vt 0.945312 0.434814
vt 0.024170 0.455322
vt 0.045410 0.437012
vt 0.030518 0.456543
vt 0.035889 0.438232
vt 0.054443 0.497070
vt 0.050781 0.507080
vt 0.016357 0.531250
vt 0.005127 0.496582
vt 0.356934 0.474365
vt 0.320312 0.524170
vt 0.256104 0.506104
vt 0.277588 0.445557
vt 0.244141 0.465088
vt 0.256592 0.446045
vt 0.328613 0.435547
vt 0.358154 0.464844
vt 0.302734 0.425781
vt 0.350098 0.454346
vt 0.367920 0.464600
vt 0.320557 0.426025
vt 0.281494 0.425049
vt 0.264160 0.432373
vt 0.318359 0.421143
vt 0.316406 0.416260
vt 0.290039 0.415039
vt 0.252441 0.429199
vt 0.324463 0.423096
vt 0.321045 0.415039
vt 0.335693 0.436523
vt 0.322510 0.419189
vt 0.328125 0.418457
vt 0.343994 0.438232
vt 0.317139 0.409912
vt 0.325684 0.415771
vt 0.323242 0.410889
vt 0.330566 0.415283
vt 0.327393 0.412354
vt 0.327148 0.392578
vt 0.317627 0.384766
vt 0.347900 0.380859
vt 0.366699 0.361084
vt 0.301514 0.350586
vt 0.343994 0.398438
vt 0.359375 0.379150
vt 0.374023 0.388184
vt 0.307129 0.374512
vt 0.290771 0.365723
vt 0.268799 0.390137
vt 0.234131 0.404053
vt 0.263916 0.363037
vt 0.253418 0.371582
vt 0.260498 0.365967
vt 0.253418 0.354736
vt 0.257324 0.369141
vt 0.237061 0.351318
vt 0.351562 0.439697
vt 0.372070 0.462891
vt 0.357666 0.412842
vt 0.390381 0.440186
vt 0.403564 0.427246
vt 0.040283 0.699707
vt 0.039307 0.685059
vt 0.056152 0.684814
vt 0.040771 0.670166
vt 0.016113 0.702148
vt 0.029785 0.662842
vt 0.039062 0.647461
vt 0.053955 0.659424
vt 0.057617 0.645264
vt 0.055420 0.673828
vt 0.044678 0.619385
vt 0.062012 0.619141
vt 0.044678 0.612305
vt 0.075195 0.626465
vt 0.072510 0.664307
vt 0.074463 0.684570
vt 0.081787 0.697998
vt 0.077881 0.669922
vt 0.089355 0.694824
vt 0.701416 0.705078
vt 0.670654 0.757324
vt 0.670166 0.713867
vt 0.700928 0.761963
vt 0.683350 0.761963
vt 0.671631 0.770508
vt 0.678467 0.767334
vt 0.671387 0.776367
vt 0.688965 0.764160
vt 0.694092 0.792969
vt 0.676025 0.796631
vt 0.697754 0.764893
vt 0.696289 0.800293
vt 0.691650 0.798828
vt 0.684326 0.802979
vt 0.672119 0.798096
vt 0.735596 0.794434
vt 0.735107 0.744385
vt 0.738770 0.782715
vt 0.745361 0.708008
vt 0.720215 0.703857
vt 0.702881 0.696533
vt 0.747559 0.701660
vt 0.745850 0.713135
vt 0.751465 0.712646
vt 0.754395 0.695312
vt 0.773682 0.704834
vt 0.758057 0.691406
vt 0.784180 0.684814
vt 0.770508 0.718506
vt 0.765137 0.795410
vt 0.803955 0.686279
vt 0.786377 0.712891
vt 0.785156 0.747559
vt 0.784668 0.813721
vt 0.817383 0.702393
vt 0.814209 0.681885
vt 0.805908 0.706055
vt 0.353271 0.655029
vt 0.395508 0.637695
vt 0.390625 0.702148
vt 0.304688 0.687500
vt 0.361084 0.637451
vt 0.317139 0.638428
vt 0.350586 0.627686
vt 0.415527 0.621094
vt 0.299316 0.685791
vt 0.377930 0.610840
vt 0.319092 0.631348
vt 0.319092 0.623779
vt 0.312744 0.631348
vt 0.311279 0.637207
vt 0.293213 0.682861
vt 0.305420 0.634277
vt 0.307373 0.629150
vt 0.312988 0.625244
vt 0.312256 0.616211
vt 0.304688 0.624023
vt 0.319092 0.614014
vt 0.296875 0.583008
vt 0.290283 0.583984
vt 0.289551 0.578125
vt 0.295166 0.576660
vt 0.291016 0.572266
vt 0.302246 0.572510
vt 0.299561 0.567383
vt 0.304443 0.578857
vt 0.362793 0.602783
vt 0.427734 0.589600
vt 0.357178 0.552979
vt 0.347900 0.546875
vt 0.347656 0.532471
vt 0.363281 0.503906
vt 0.416260 0.850342
vt 0.497314 0.849854
vt 0.547852 0.863525
vt 0.455566 0.862793
vt 0.152344 0.353760
vt 0.161621 0.410156
vt 0.153320 0.433350
vt 0.162354 0.500977
vt 0.213867 0.393555
vt 0.161133 0.353760
vt 0.910156 0.942871
vt 0.827637 0.949951
vt 0.818115 0.941406
vt 0.018311 0.601318
vt 0.061279 0.601318
vt 0.018311 0.605713
s 1
usemtl tripo_mat_ede12ce1-b196-47ea-9112-51861708ff7e
f 824/1 876/2 835/3
f 835/3 876/2 881/4
f 835/3 881/4 841/5
f 841/5 881/4 839/6
f 839/6 881/4 888/7
f 888/7 881/4 920/8
f 876/2 824/1 836/9
f 836/9 824/1 739/10
f 881/4 876/2 916/11
f 881/4 916/11 920/8
f 916/11 876/2 885/12
f 885/12 876/2 836/9
f 920/8 916/11 907/13
f 920/8 907/13 912/14
f 916/11 885/12 890/15
f 916/11 890/15 907/13
f 885/12 836/9 834/16
f 885/12 834/16 890/15
f 890/15 834/16 823/17
f 890/15 823/17 879/18
f 890/15 879/18 907/13
f 823/17 834/16 745/19
f 907/13 879/18 891/20
f 907/13 891/20 894/21
f 907/13 894/21 922/22
f 907/13 922/22 912/14
f 922/22 894/21 914/23
f 922/22 914/23 912/14
f 745/19 834/16 738/24
f 738/24 834/16 836/9
f 745/19 738/24 677/25
f 745/19 677/25 665/26
f 665/26 677/25 82/27
f 738/24 836/9 755/28
f 738/24 755/28 677/25
f 755/28 836/9 739/10
f 677/25 755/28 687/29
f 687/29 755/28 739/10
f 677/25 687/29 82/27
f 687/29 739/10 72/30
f 82/27 687/29 85/31
f 85/31 687/29 72/30
f 82/27 85/31 166/32
f 166/32 85/31 157/33
f 157/33 85/31 72/30
f 157/33 72/30 139/34
f 835/35 756/36 824/37
f 824/37 756/36 739/38
f 756/36 835/35 774/39
f 739/38 756/36 685/40
f 685/40 756/36 774/39
f 774/39 835/35 841/41
f 739/38 685/40 72/42
f 774/39 841/41 770/43
f 770/43 841/41 839/44
f 685/40 774/39 671/45
f 671/45 774/39 770/43
f 72/42 685/40 91/46
f 685/40 671/45 66/47
f 685/40 66/47 91/46
f 671/45 770/43 53/48
f 671/45 53/48 66/47
f 53/48 770/43 785/49
f 66/47 53/48 158/50
f 66/47 158/50 91/46
f 158/50 53/48 161/51
f 158/50 161/51 201/52
f 158/50 201/52 207/53
f 158/50 207/53 197/54
f 91/46 158/50 142/55
f 142/55 158/50 197/54
f 139/56 72/42 91/46
f 139/56 91/46 142/55
f 139/56 142/55 197/54
f 139/56 197/54 208/57
f 139/56 208/57 157/58
f 770/59 839/60 785/61
f 915/62 888/63 920/64
f 915/62 920/64 912/65
f 915/62 912/65 921/66
f 921/66 912/65 914/67
f 921/66 914/67 896/68
f 896/68 914/67 894/69
f 896/68 894/69 831/70
f 896/68 831/70 830/71
f 830/71 831/70 753/72
f 918/73 888/74 915/75
f 918/73 915/75 917/76
f 917/76 915/75 921/77
f 917/76 921/77 896/78
f 918/73 917/76 924/79
f 918/73 924/79 923/80
f 924/79 917/76 893/81
f 893/81 917/76 896/78
f 918/73 923/80 925/82
f 918/73 925/82 882/83
f 918/73 882/83 888/74
f 882/83 925/82 892/84
f 888/74 882/83 840/85
f 840/85 882/83 892/84
f 840/85 892/84 838/86
f 888/74 840/85 839/87
f 840/85 838/86 763/88
f 839/87 840/85 773/89
f 773/89 840/85 763/88
f 839/87 773/89 785/90
f 773/89 763/88 52/91
f 785/90 773/89 57/92
f 57/92 773/89 52/91
f 832/93 893/81 896/78
f 832/93 896/78 830/94
f 893/81 832/93 829/95
f 893/81 829/95 692/96
f 832/93 830/94 747/97
f 832/93 747/97 829/95
f 747/97 830/94 753/98
f 692/96 829/95 784/99
f 784/99 829/95 747/97
f 692/96 784/99 696/100
f 696/100 784/99 747/97
f 692/96 696/100 55/101
f 696/100 747/97 680/102
f 696/100 680/102 55/101
f 680/102 747/97 3/103
f 680/102 3/103 8/104
f 680/102 8/104 55/101
f 8/104 3/103 63/105
f 55/101 8/104 56/106
f 56/106 8/104 63/105
f 55/101 56/106 148/107
f 148/107 56/106 63/105
f 148/107 63/105 146/108
f 148/107 146/108 223/109
f 955/110 953/111 927/112
f 923/113 955/110 925/114
f 925/114 955/110 892/115
f 955/110 923/113 924/116
f 892/115 955/110 927/112
f 892/115 927/112 838/117
f 838/117 927/112 788/118
f 838/117 788/118 763/119
f 893/120 942/121 924/116
f 924/116 942/121 955/110
f 955/110 942/121 949/122
f 955/110 949/122 988/123
f 763/119 788/118 843/124
f 843/124 788/118 927/112
f 955/110 988/123 989/125
f 989/125 988/123 1013/126
f 955/110 989/125 987/127
f 955/110 987/127 953/111
f 989/125 1013/126 1006/128
f 989/125 1006/128 987/127
f 1006/128 1013/126 1048/129
f 1048/129 1013/126 1046/130
f 1048/129 1046/130 1036/131
f 1048/129 1036/131 1037/132
s 0
f 1037/132 1036/131 1031/133
s 1
f 1048/129 1037/132 1044/134
f 1048/129 1044/134 1006/128
f 1006/128 1044/134 1003/135
f 1006/128 1003/135 987/127
f 1003/135 1044/134 1022/136
f 1003/135 1022/136 980/137
f 980/137 1022/136 997/138
f 987/127 1003/135 977/139
f 977/139 1003/135 980/137
f 987/127 977/139 953/111
f 980/137 997/138 962/140
f 953/111 977/139 964/141
f 964/141 977/139 980/137
f 953/111 964/141 927/112
f 980/137 962/140 966/142
f 980/137 966/142 964/141
f 966/142 962/140 937/143
f 927/112 964/141 843/124
f 843/124 964/141 966/142
f 843/124 966/142 936/144
f 936/144 966/142 937/143
f 936/144 937/143 794/145
f 936/144 794/145 843/124
f 794/145 937/143 793/146
f 794/145 793/146 4/147
f 794/145 4/147 14/148
f 843/124 794/145 50/149
f 50/149 794/145 14/148
f 843/124 50/149 763/119
f 763/119 50/149 52/150
f 50/149 14/148 200/151
f 50/149 200/151 256/152
f 232/153 208/154 197/155
f 232/153 197/155 207/156
f 232/153 207/156 201/157
f 232/153 201/157 234/158
f 232/153 234/158 242/159
f 232/153 242/159 239/160
f 232/153 239/160 245/161
f 245/161 239/160 248/162
f 245/161 248/162 224/163
f 232/153 245/161 210/164
f 232/153 210/164 208/154
f 245/161 224/163 225/165
f 245/161 225/165 210/164
f 225/165 224/163 150/166
f 150/166 224/163 147/167
f 210/164 225/165 199/168
f 199/168 225/165 150/166
f 208/154 210/164 166/169
f 166/169 210/164 199/168
f 208/154 166/169 157/170
f 199/168 150/166 137/171
f 166/169 199/168 138/172
f 138/172 199/168 137/171
f 166/169 138/172 82/173
f 82/173 138/172 84/174
f 82/173 84/174 665/175
f 138/172 137/171 87/176
f 138/172 87/176 84/174
f 87/176 137/171 150/166
f 84/174 87/176 665/175
f 67/177 150/166 147/167
f 150/166 67/177 87/176
f 67/177 147/167 61/178
f 67/177 61/178 12/179
f 67/177 12/179 87/176
f 12/179 61/178 667/180
f 87/176 12/179 683/181
f 12/179 667/180 697/182
f 12/179 697/182 683/181
f 697/182 667/180 751/183
f 87/176 683/181 688/184
f 688/184 683/181 697/182
f 87/176 688/184 665/175
f 665/175 688/184 745/185
f 745/185 688/184 744/186
f 744/186 688/184 697/182
f 745/185 744/186 823/187
f 697/182 751/183 754/188
f 697/182 754/188 744/186
f 754/188 751/183 831/189
f 831/189 751/183 753/190
f 754/188 831/189 837/191
f 823/187 744/186 825/192
f 825/192 744/186 754/188
f 825/192 754/188 837/191
f 823/187 825/192 879/193
f 879/193 825/192 891/194
f 891/194 825/192 837/191
f 891/194 837/191 831/189
f 891/194 831/189 894/195
f 234/196 201/197 205/198
f 205/198 201/197 161/199
f 234/196 205/198 228/200
f 234/196 228/200 242/201
f 242/201 228/200 233/202
f 242/201 233/202 240/203
f 242/201 240/203 248/204
f 242/201 248/204 239/205
f 248/204 240/203 247/206
f 248/204 247/206 221/207
f 248/204 221/207 224/208
f 165/209 161/210 53/211
f 161/210 165/209 205/212
f 165/209 53/211 57/213
f 57/213 53/211 785/214
f 233/215 228/216 205/217
f 233/215 205/217 202/218
f 202/218 205/217 165/219
f 57/220 52/221 165/219
f 202/218 165/219 153/222
f 153/222 165/219 52/221
f 153/222 52/221 214/223
f 214/223 52/221 50/224
f 214/223 50/224 256/225
f 214/223 256/225 279/226
f 153/222 214/223 206/227
f 153/222 206/227 202/218
f 214/223 279/226 253/228
f 214/223 253/228 206/227
s 0
f 253/228 279/226 277/229
s 1
f 277/229 279/226 303/230
f 202/218 206/227 241/231
f 241/231 206/227 253/228
f 202/218 241/231 233/215
f 241/231 253/228 252/232
f 241/231 252/232 233/215
f 252/232 253/228 277/229
f 277/229 303/230 316/233
f 233/215 252/232 247/234
f 233/215 247/234 240/235
f 252/232 277/229 255/236
f 277/229 316/233 274/237
s 0
f 277/229 274/237 255/236
s 1
f 274/237 316/233 314/238
f 314/238 316/233 334/239
f 334/239 316/233 333/240
f 334/239 333/240 390/241
f 334/239 390/241 387/242
f 251/243 247/234 252/232
f 251/243 252/232 255/236
f 247/234 251/243 223/244
f 247/234 223/244 221/245
f 223/244 251/243 218/246
f 218/246 251/243 255/236
f 223/244 218/246 148/247
f 148/247 218/246 145/248
f 145/248 218/246 255/236
f 148/247 145/248 55/249
f 55/249 145/248 255/236
f 55/249 255/236 69/250
f 200/251 14/252 4/253
f 48/254 4/253 793/255
f 4/253 48/254 203/256
f 203/256 48/254 104/257
f 200/251 4/253 263/258
f 263/258 4/253 203/256
f 200/251 263/258 297/259
f 200/251 297/259 290/260
f 200/251 290/260 256/261
f 256/261 290/260 279/262
f 290/260 297/259 300/263
f 279/262 290/260 299/264
f 299/264 290/260 300/263
f 279/262 299/264 303/265
f 284/266 297/259 263/258
f 297/259 284/266 300/263
f 284/266 263/258 283/267
f 283/267 263/258 203/256
f 300/263 284/266 322/268
f 322/268 284/266 283/267
f 329/269 299/264 300/263
f 300/263 322/268 344/270
f 300/263 344/270 329/269
f 299/264 329/269 332/271
f 299/264 332/271 303/265
f 303/265 332/271 333/272
f 303/265 333/272 316/273
f 332/271 329/269 377/274
f 332/271 377/274 333/272
f 377/274 329/269 344/270
f 333/272 377/274 390/275
f 390/275 377/274 364/276
f 364/276 377/274 344/270
f 390/275 364/276 360/277
f 360/277 364/276 354/278
f 364/276 344/270 340/279
f 340/279 344/270 322/268
f 354/278 364/276 362/280
f 354/278 362/280 395/281
f 364/276 340/279 376/282
f 364/276 376/282 362/280
f 340/279 322/268 324/283
f 324/283 322/268 283/267
f 340/279 324/283 339/284
f 340/279 339/284 376/282
f 339/284 324/283 323/285
f 376/282 339/284 383/286
f 376/282 383/286 378/287
f 323/285 324/283 286/288
f 286/288 324/283 283/267
f 323/285 286/288 288/289
f 288/289 286/288 268/290
f 288/289 268/290 261/291
f 261/291 268/290 185/292
f 268/290 286/288 258/293
f 258/293 286/288 283/267
f 268/290 258/293 185/292
f 258/293 283/267 203/256
f 185/292 258/293 188/294
f 188/294 258/293 203/256
f 185/292 188/294 177/295
f 177/295 188/294 180/296
f 188/294 203/256 189/297
f 188/294 189/297 180/296
f 189/297 203/256 118/298
f 189/297 118/298 180/296
f 180/296 118/298 119/299
f 118/298 203/256 104/257
f 118/298 104/257 105/300
f 369/301 376/282 378/287
f 369/301 378/287 412/302
f 369/301 412/302 442/303
f 376/282 369/301 350/304
f 376/282 350/304 362/280
f 369/301 442/303 436/305
f 369/301 436/305 350/304
f 445/306 442/303 469/307
f 442/303 445/306 448/308
f 442/303 448/308 436/305
f 362/280 350/304 385/309
f 362/280 385/309 395/281
f 350/304 436/305 424/310
f 424/310 436/305 448/308
f 350/304 424/310 385/309
f 395/281 385/309 411/311
f 395/281 411/311 432/312
f 432/312 411/311 443/313
f 443/313 411/311 385/309
f 443/313 385/309 424/310
f 443/313 424/310 448/308
f 443/313 448/308 457/314
f 731/315 797/316 750/317
f 797/316 731/315 809/318
f 809/318 731/315 775/319
f 731/315 750/317 717/320
f 717/320 750/317 725/321
f 775/319 731/315 722/322
f 722/322 731/315 717/320
f 717/320 725/321 42/323
f 775/319 722/322 706/324
f 722/322 717/320 29/325
f 722/322 29/325 706/324
f 717/320 42/323 39/326
f 717/320 39/326 29/325
f 39/326 42/323 77/327
f 29/325 39/326 62/328
f 62/328 39/326 77/327
f 62/328 77/327 115/329
f 115/329 77/327 136/330
f 136/330 77/327 110/331
f 62/328 115/329 121/332
f 121/332 115/329 136/330
f 29/325 62/328 103/333
f 103/333 62/328 121/332
f 136/330 110/331 111/334
f 29/325 103/333 16/335
f 29/325 16/335 706/324
f 16/335 103/333 108/336
f 108/336 103/333 121/332
f 706/324 16/335 17/337
f 17/337 16/335 108/336
f 706/324 17/337 1/338
f 1/338 17/337 18/339
f 17/337 108/336 105/340
f 105/340 108/336 122/341
f 122/341 108/336 121/332
f 122/341 121/332 181/342
f 122/341 181/342 176/343
f 181/342 121/332 171/344
f 171/344 121/332 136/330
f 176/343 181/342 179/345
f 179/345 181/342 171/344
f 176/343 179/345 172/346
f 171/344 136/330 187/347
f 171/344 187/347 179/345
f 187/347 136/330 135/348
f 135/348 136/330 111/334
f 135/348 111/334 113/349
f 113/349 111/334 94/350
f 187/347 135/348 173/351
f 173/351 135/348 113/349
f 187/347 173/351 179/345
f 173/351 113/349 126/352
f 173/351 126/352 179/345
f 179/345 126/352 129/353
f 179/345 129/353 172/346
f 172/346 129/353 130/354
f 130/354 129/353 92/355
f 92/355 129/353 97/356
f 92/355 97/356 28/357
f 789/358 750/359 797/360
f 750/359 789/358 725/361
f 789/358 797/360 821/362
f 821/362 797/360 809/363
f 821/362 809/363 861/364
f 725/361 789/358 721/365
f 725/361 721/365 42/366
f 789/358 821/362 792/367
f 789/358 792/367 721/365
f 821/362 861/364 819/368
f 821/362 819/368 792/367
f 819/368 861/364 848/369
f 848/369 861/364 852/370
f 848/369 852/370 814/371
f 41/372 42/366 721/365
f 42/366 41/372 77/373
f 77/373 41/372 110/374
f 110/374 41/372 40/375
f 40/375 41/372 721/365
f 110/374 40/375 111/376
f 848/369 814/371 808/377
f 40/375 721/365 727/378
f 727/378 721/365 792/367
f 111/376 40/375 46/379
f 46/379 40/375 727/378
f 111/376 46/379 94/380
f 848/369 808/377 798/381
f 848/369 798/381 819/368
f 790/382 792/367 819/368
f 792/367 790/382 727/378
f 790/382 819/368 798/381
f 798/381 808/377 782/383
f 782/383 808/377 814/371
f 782/383 814/371 787/384
f 787/384 814/371 815/385
f 782/383 787/384 716/386
f 790/382 798/381 733/387
f 790/382 733/387 727/378
f 798/381 782/383 742/388
f 798/381 742/388 733/387
f 742/388 782/383 716/386
f 727/378 733/387 707/389
f 733/387 742/388 698/390
f 733/387 698/390 707/389
f 698/390 742/388 716/386
f 727/378 707/389 670/391
f 670/391 707/389 698/390
f 727/378 670/391 46/379
f 46/379 670/391 43/392
f 43/392 670/391 698/390
f 46/379 43/392 94/380
f 698/390 716/386 32/393
f 698/390 32/393 43/392
f 32/393 716/386 34/394
f 34/394 716/386 30/395
f 34/394 30/395 99/396
f 34/394 99/396 32/393
f 99/396 30/395 97/397
f 43/392 32/393 68/398
f 43/392 68/398 94/380
f 68/398 32/393 99/396
f 94/380 68/398 113/399
f 113/399 68/398 99/396
f 113/399 99/396 126/400
f 126/400 99/396 97/397
f 126/400 97/397 129/401
f 767/402 809/403 775/404
f 767/402 775/404 706/405
f 767/402 706/405 708/406
f 708/406 706/405 1/407
f 809/403 767/402 807/408
f 809/403 807/408 861/409
f 861/409 807/408 867/410
f 861/409 867/410 852/411
f 852/411 867/410 850/412
f 852/411 850/412 814/413
f 814/413 850/412 815/414
f 769/415 807/416 767/417
f 807/416 769/415 806/418
f 806/418 769/415 776/419
f 769/415 767/417 708/420
f 776/419 769/415 703/421
f 703/421 769/415 708/420
f 776/419 703/421 724/422
f 724/422 703/421 35/423
f 35/423 703/421 15/424
f 15/424 703/421 708/420
f 15/424 708/420 18/425
f 18/425 708/420 1/426
f 15/424 18/425 105/427
f 15/424 105/427 104/428
f 807/429 859/430 867/431
f 859/430 807/429 806/432
f 867/431 859/430 850/433
f 850/433 859/430 849/434
f 850/433 849/434 804/435
f 850/433 804/435 815/436
f 815/436 804/435 786/437
f 815/436 786/437 787/438
f 787/438 786/437 715/439
f 859/440 806/441 864/442
f 859/440 864/442 860/443
f 864/442 806/441 939/444
f 864/442 939/444 860/443
f 859/440 860/443 849/445
f 939/444 806/441 800/446
f 800/446 806/441 776/447
f 800/446 776/447 724/448
f 939/444 800/446 937/449
f 939/444 937/449 962/450
f 939/444 962/450 961/451
f 939/444 961/451 860/443
f 961/451 962/450 997/452
f 857/453 849/445 860/443
f 849/445 857/453 804/454
f 857/453 860/443 928/455
f 928/455 860/443 961/451
f 804/454 857/453 818/456
f 818/456 857/453 928/455
f 804/454 818/456 786/457
f 786/457 818/456 791/458
f 791/458 818/456 928/455
f 786/457 791/458 715/459
f 715/459 791/458 718/460
f 715/459 718/460 36/461
f 718/460 791/458 928/455
f 718/460 928/455 674/462
f 674/462 928/455 933/463
f 674/462 933/463 9/464
f 933/463 928/455 945/465
f 945/465 928/455 961/451
f 9/464 933/463 943/466
f 943/466 933/463 945/465
f 9/464 943/466 686/467
f 943/466 945/465 960/468
f 945/465 961/451 958/469
f 945/465 958/469 960/468
f 958/469 961/451 999/470
f 999/470 961/451 997/452
f 999/470 997/452 1022/471
f 686/467 943/466 969/472
f 969/472 943/466 960/468
f 958/469 999/470 998/473
f 999/470 1022/471 1014/474
f 999/470 1014/474 998/473
f 1014/474 1022/471 1027/475
f 1027/475 1022/471 1044/476
f 1000/477 960/468 958/469
f 1000/477 958/469 998/473
f 960/468 1000/477 1001/478
f 998/473 1014/474 1015/479
f 998/473 1015/479 1000/477
f 1014/474 1027/475 1028/480
f 1014/474 1028/480 1015/479
f 1038/481 1027/475 1044/476
f 1027/475 1038/481 1028/480
f 1038/481 1044/476 1037/482
s 0
f 1038/481 1037/482 1031/483
s 1
f 1028/480 1038/481 1039/484
s 0
f 1039/484 1038/481 1033/485
s 1
f 1028/480 1039/484 1029/486
f 1029/486 1039/484 1025/487
f 1028/480 1029/486 1043/488
f 1028/480 1043/488 1015/479
f 1009/489 1000/477 1015/479
f 1009/489 1015/479 1043/488
f 1000/477 1009/489 1001/478
f 1043/488 1029/486 1030/490
f 1001/478 1009/489 981/491
f 1001/478 981/491 960/468
f 960/468 981/491 969/472
f 981/491 1009/489 1005/492
f 1005/492 1009/489 1043/488
f 969/472 981/491 979/493
f 979/493 981/491 1005/492
f 1005/492 1043/488 1007/494
f 1007/494 1043/488 1030/490
f 1005/492 1007/494 979/493
f 1008/495 1030/490 1029/486
f 1030/490 1008/495 1007/494
f 1008/495 1029/486 1011/496
f 1008/495 1011/496 990/497
f 1008/495 990/497 1007/494
f 979/493 1007/494 982/498
f 982/498 1007/494 990/497
f 982/498 990/497 948/499
f 948/499 990/497 952/500
f 948/499 952/500 934/501
f 982/498 948/499 947/502
f 982/498 947/502 979/493
f 947/502 948/499 934/501
f 979/493 947/502 959/503
f 959/503 947/502 934/501
f 979/493 959/503 969/472
f 969/472 959/503 686/467
f 959/503 934/501 932/504
f 959/503 932/504 686/467
f 932/504 934/501 11/505
f 686/467 932/504 668/506
f 668/506 932/504 11/505
f 800/507 793/508 937/509
f 793/508 800/507 48/510
f 48/510 800/507 724/511
f 18/512 17/513 105/514
f 119/515 105/516 122/517
f 105/516 119/515 118/518
f 119/515 122/517 176/519
f 119/515 176/519 177/520
f 119/515 177/520 180/521
f 177/520 176/519 172/522
f 177/520 172/522 185/523
f 185/523 172/522 131/524
f 131/524 172/522 130/525
f 131/524 130/525 98/526
f 98/526 130/525 92/527
f 98/526 92/527 27/528
f 27/528 92/527 28/529
f 98/526 27/528 90/530
f 27/528 28/529 715/531
f 90/530 27/528 36/532
f 36/532 27/528 715/531
f 35/533 15/534 104/535
f 35/533 104/535 48/536
f 35/533 48/536 724/537
f 667/538 690/539 751/540
f 751/540 690/539 753/541
f 753/541 690/539 747/542
f 747/542 690/539 3/543
s 0
f 3/543 690/539 667/538
s 1
f 3/543 667/538 61/544
f 3/543 61/544 63/545
f 63/545 61/544 147/546
f 63/545 147/546 146/547
f 146/547 147/546 221/548
f 221/548 147/546 224/549
f 146/547 221/548 223/550
f 942/551 893/552 926/553
f 926/553 893/552 692/554
f 942/551 926/553 935/555
f 684/556 764/557 692/554
f 926/553 692/554 768/558
f 768/558 692/554 764/557
f 768/558 764/557 846/559
f 846/559 764/557 845/560
f 846/559 845/560 898/561
f 768/558 846/559 844/562
f 768/558 844/562 926/553
f 844/562 846/559 898/561
f 926/553 844/562 899/563
f 899/563 844/562 898/561
f 926/553 899/563 935/555
f 899/563 898/561 913/564
f 899/563 913/564 935/555
f 913/564 898/561 908/565
f 935/555 913/564 919/566
f 919/566 913/564 908/565
f 935/555 919/566 903/567
f 919/566 908/565 910/568
f 903/567 919/566 905/569
f 905/569 919/566 910/568
f 903/567 905/569 886/570
f 905/569 910/568 902/571
f 886/570 905/569 883/572
f 883/572 905/569 902/571
f 692/573 55/574 13/575
f 692/573 13/575 684/576
f 13/575 55/574 69/577
f 684/576 13/575 59/578
f 59/578 13/575 69/577
f 684/576 59/578 669/579
f 59/578 69/577 151/580
f 151/580 69/577 149/581
f 151/580 149/581 216/582
f 151/580 216/582 220/583
f 220/583 216/582 243/584
f 243/584 216/582 238/585
f 238/585 216/582 249/586
f 243/584 238/585 230/587
f 238/585 249/586 250/588
f 238/585 250/588 230/587
f 230/587 250/588 212/589
f 212/589 250/588 219/590
f 274/591 149/592 255/593
f 255/593 149/592 69/594
f 149/592 274/591 276/595
f 276/595 274/591 314/596
f 149/592 276/595 216/597
f 276/595 314/596 315/598
f 315/598 314/596 334/599
f 315/598 334/599 335/600
f 335/600 334/599 387/601
f 276/595 315/598 280/602
f 216/597 276/595 257/603
f 257/603 276/595 280/602
f 216/597 257/603 249/604
f 257/603 280/602 219/605
f 249/604 257/603 250/606
f 250/606 257/603 219/605
f 395/607 367/608 354/609
f 354/609 367/608 360/610
f 387/611 390/612 360/610
f 387/611 360/610 361/613
f 361/613 360/610 367/608
f 367/608 395/607 430/614
f 430/614 395/607 432/615
f 361/613 367/608 356/616
f 430/614 432/615 467/617
f 367/608 430/614 434/618
f 367/608 434/618 356/616
f 361/613 356/616 368/619
f 361/613 368/619 392/620
f 392/620 368/619 492/621
f 356/616 434/618 453/622
f 368/619 356/616 398/623
f 398/623 356/616 453/622
f 492/621 368/619 493/624
f 493/624 368/619 398/623
f 492/621 493/624 501/625
f 492/621 501/625 500/626
f 500/626 501/625 503/627
f 503/627 501/625 502/628
f 501/625 493/624 495/629
f 495/629 493/624 398/623
f 502/628 501/625 496/630
f 496/630 501/625 495/629
f 502/628 496/630 490/631
f 502/628 490/631 498/632
f 495/629 398/623 451/633
f 495/629 451/633 496/630
f 451/633 398/623 453/622
f 490/631 496/630 455/634
f 455/634 496/630 451/633
f 455/634 451/633 453/622
f 490/631 455/634 487/635
f 487/635 455/634 418/636
f 455/634 453/622 482/637
f 455/634 482/637 418/636
f 452/638 418/636 459/639
f 459/639 418/636 482/637
f 459/639 482/637 485/640
f 459/639 485/640 480/641
f 480/641 485/640 575/642
f 485/640 482/637 484/643
f 470/644 482/637 453/622
f 482/637 470/644 484/643
f 470/644 453/622 434/618
f 485/640 484/643 618/645
f 485/640 618/645 575/642
f 618/645 484/643 470/644
f 575/642 618/645 580/646
f 580/646 618/645 595/647
f 580/646 595/647 539/648
f 595/647 618/645 622/649
f 595/647 622/649 539/648
f 618/645 470/644 642/650
f 618/645 642/650 622/649
f 461/651 470/644 434/618
f 461/651 434/618 430/614
f 539/648 622/649 543/652
f 470/644 461/651 636/653
f 470/644 636/653 642/650
f 461/651 430/614 460/654
f 461/651 460/654 636/653
f 460/654 430/614 467/617
f 638/655 622/649 642/650
f 638/655 642/650 636/653
f 622/649 638/655 543/652
f 636/653 460/654 634/656
f 634/656 460/654 467/617
f 636/653 634/656 638/655
f 634/656 467/617 641/657
f 641/657 467/617 629/658
f 634/656 641/657 649/659
f 634/656 649/659 638/655
f 530/660 543/652 638/655
f 543/652 530/660 539/648
f 539/648 530/660 509/661
f 530/660 638/655 505/662
f 505/662 638/655 649/659
f 530/660 505/662 509/661
f 505/662 649/659 514/663
f 509/661 505/662 508/664
f 508/664 505/662 514/663
f 443/665 467/666 432/667
f 467/666 443/665 474/668
f 474/668 443/665 457/669
f 467/666 474/668 629/670
f 474/668 457/669 650/671
f 474/668 650/671 629/670
f 650/671 457/669 448/672
f 629/670 650/671 641/673
f 650/671 448/672 590/674
f 590/674 448/672 445/675
f 641/673 650/671 654/676
f 641/673 654/676 649/677
f 649/677 654/676 514/678
f 654/676 650/671 610/679
f 610/679 650/671 590/674
f 514/678 654/676 504/680
f 504/680 654/676 610/679
f 514/678 504/680 508/681
f 583/682 590/674 445/675
f 504/680 610/679 507/683
f 504/680 507/683 508/681
f 610/679 590/674 606/684
f 606/684 590/674 583/682
f 610/679 606/684 507/683
f 583/682 445/675 576/685
f 583/682 576/685 606/684
f 576/685 445/675 469/686
f 576/685 469/686 585/687
f 606/684 576/685 600/688
f 600/688 576/685 585/687
f 507/683 606/684 529/689
f 529/689 606/684 600/688
f 529/689 600/688 552/690
f 552/690 600/688 639/691
f 639/691 600/688 585/687
f 529/689 552/690 551/692
f 551/692 552/690 639/691
f 507/683 529/689 535/693
f 535/693 529/689 551/692
f 463/694 585/687 469/686
f 463/694 469/686 442/695
f 551/692 639/691 647/696
f 627/697 639/691 585/687
f 639/691 627/697 647/696
f 551/692 647/696 558/698
f 551/692 558/698 535/693
f 535/693 558/698 647/696
f 478/699 585/687 463/694
f 585/687 478/699 627/697
f 447/700 463/694 442/695
f 463/694 447/700 478/699
f 447/700 442/695 412/701
f 478/699 447/700 471/702
f 478/699 471/702 627/697
f 447/700 412/701 379/703
f 447/700 379/703 471/702
f 379/703 412/701 378/704
f 379/703 378/704 380/705
f 380/705 378/704 383/706
f 471/702 379/703 598/707
f 598/707 379/703 380/705
f 471/702 598/707 586/708
f 471/702 586/708 627/697
f 627/697 586/708 598/707
f 627/697 598/707 616/709
f 616/709 598/707 380/705
f 627/697 616/709 612/710
f 616/709 380/705 382/711
f 616/709 382/711 612/710
f 382/711 380/705 383/706
f 627/697 612/710 661/712
f 661/712 612/710 382/711
f 627/697 661/712 647/696
f 382/711 383/706 394/713
f 382/711 394/713 661/712
f 394/713 383/706 365/714
f 394/713 365/714 393/715
f 393/715 365/714 370/716
f 394/713 393/715 662/717
f 394/713 662/717 661/712
f 661/712 662/717 659/718
f 658/719 647/696 661/712
f 658/719 661/712 659/718
f 647/696 658/719 535/693
f 658/719 659/718 537/720
f 658/719 537/720 535/693
f 535/693 537/720 519/721
f 535/693 519/721 507/683
f 507/683 519/721 508/681
f 508/681 519/721 568/722
f 568/722 519/721 564/723
f 508/681 568/722 560/724
f 560/724 568/722 564/723
f 392/725 492/726 489/727
f 489/727 492/726 500/728
f 392/725 489/727 494/729
f 494/729 489/727 500/728
f 392/725 494/729 353/730
f 494/729 500/728 499/731
f 494/729 499/731 353/730
f 499/731 500/728 503/732
f 502/733 498/734 503/732
f 499/731 503/732 497/735
f 497/735 503/732 498/734
f 497/735 498/734 487/736
f 487/736 498/734 490/737
f 499/731 497/735 405/738
f 499/731 405/738 353/730
f 497/735 487/736 420/739
f 497/735 420/739 405/738
f 420/739 487/736 418/740
f 420/739 418/740 452/741
f 405/738 420/739 441/742
f 441/742 420/739 452/741
f 405/738 441/742 353/730
f 441/742 452/741 479/743
f 479/743 452/741 456/744
f 353/730 441/742 404/745
f 404/745 441/742 450/746
f 450/746 441/742 479/743
f 353/730 404/745 373/747
f 373/747 404/745 450/746
f 353/730 373/747 392/725
f 392/725 373/747 361/748
f 450/746 479/743 481/749
f 361/748 373/747 355/750
f 361/748 355/750 387/751
f 373/747 450/746 431/752
f 373/747 431/752 355/750
f 450/746 481/749 476/753
f 450/746 476/753 431/752
f 481/749 479/743 594/754
f 481/749 594/754 476/753
f 594/754 479/743 582/755
f 582/755 479/743 578/756
f 582/755 578/756 596/757
f 582/755 596/757 594/754
f 511/758 596/757 588/759
f 596/757 511/758 605/760
f 596/757 605/760 594/754
f 605/760 511/758 515/761
f 601/762 476/753 594/754
f 515/761 511/758 516/763
f 476/753 601/762 607/764
f 607/764 601/762 594/754
f 594/754 605/760 635/765
f 594/754 635/765 607/764
f 605/760 515/761 526/766
f 605/760 526/766 635/765
f 526/766 515/761 516/763
f 635/765 526/766 513/767
f 513/767 526/766 516/763
f 607/764 635/765 611/768
f 473/769 476/753 607/764
f 473/769 607/764 611/768
f 476/753 473/769 431/752
f 431/752 473/769 472/770
f 472/770 473/769 611/768
f 431/752 472/770 466/771
f 466/771 472/770 611/768
f 613/772 611/768 635/765
f 613/772 635/765 513/767
f 466/771 611/768 617/773
f 617/773 611/768 613/772
f 466/771 617/773 643/774
f 643/774 617/773 613/772
f 466/771 643/774 468/775
f 643/774 613/772 651/776
f 466/771 468/775 433/777
f 466/771 433/777 431/752
f 431/752 433/777 355/750
f 355/750 433/777 372/778
f 355/750 372/778 371/779
f 372/778 433/777 396/780
f 651/776 613/772 510/781
f 510/781 613/772 513/767
f 651/776 510/781 506/782
f 506/782 510/781 513/767
f 651/776 506/782 520/783
f 506/782 513/767 516/763
f 506/782 516/763 522/784
f 522/784 516/763 549/785
f 506/782 522/784 512/786
f 506/782 512/786 518/787
f 512/786 522/784 544/788
f 544/788 522/784 549/785
f 544/788 549/785 566/789
f 544/788 566/789 571/790
f 30/791 716/792 28/793
f 30/791 28/793 97/794
f 28/793 716/792 715/795
f 715/795 716/792 787/796
f 718/797 112/798 36/799
f 36/799 112/798 90/800
f 112/798 718/797 193/801
f 193/801 718/797 674/802
f 193/801 674/802 9/803
f 131/804 98/805 90/800
f 131/804 90/800 132/806
f 132/806 90/800 112/798
f 131/804 132/806 185/807
f 185/807 132/806 261/808
f 261/808 132/806 112/798
f 261/808 112/798 193/801
f 261/808 193/801 264/809
f 264/809 193/801 9/803
f 261/808 264/809 288/810
f 264/809 9/803 285/811
f 264/809 285/811 288/810
f 285/811 9/803 227/812
f 227/812 9/803 686/813
f 288/810 285/811 325/814
f 288/810 325/814 323/815
f 323/815 325/814 342/816
f 325/814 285/811 327/817
f 342/816 325/814 341/818
f 341/818 325/814 327/817
f 327/817 285/811 294/819
f 294/819 285/811 227/812
f 327/817 294/819 304/820
f 327/817 304/820 341/818
f 342/816 341/818 366/821
f 342/816 366/821 383/822
f 341/818 304/820 330/823
f 383/822 366/821 363/824
f 366/821 341/818 336/825
f 336/825 341/818 330/823
f 366/821 336/825 363/824
f 383/822 363/824 365/826
f 365/826 363/824 357/827
f 365/826 357/827 370/828
f 357/827 363/824 351/829
f 351/829 363/824 336/825
f 351/829 336/825 338/830
f 313/831 330/823 304/820
f 330/823 313/831 336/825
f 313/831 304/820 294/819
f 338/830 336/825 308/832
f 338/830 308/832 307/833
f 307/833 308/832 275/834
f 308/832 336/825 312/835
f 275/834 308/832 273/836
f 273/836 308/832 312/835
f 312/835 336/825 305/837
f 305/837 336/825 313/831
f 312/835 305/837 273/836
f 278/838 313/831 294/819
f 313/831 278/838 305/837
f 305/837 278/838 273/836
f 278/838 294/819 227/812
f 265/839 275/834 273/836
f 275/834 265/839 10/840
f 278/838 227/812 192/841
f 278/838 192/841 273/836
f 192/841 227/812 686/813
f 192/841 686/813 668/842
f 192/841 668/842 11/843
f 192/841 11/843 273/836
f 273/836 11/843 265/839
f 265/839 11/843 10/840
f 10/840 11/843 934/844
f 10/840 934/844 931/845
f 931/845 934/844 952/846
s 0
f 1031/847 1033/848 1038/849
f 1033/850 1042/851 1039/852
s 1
f 1035/853 1039/854 1042/855
f 1025/856 1039/857 1035/858
f 1025/856 1035/858 1011/859
f 1025/856 1011/859 1029/860
f 984/861 990/862 1011/863
f 990/862 984/861 952/864
f 339/865 323/866 342/867
f 339/865 342/867 383/868
f 533/869 509/870 508/871
f 533/869 508/871 560/872
f 509/870 533/869 546/873
f 533/869 560/872 561/874
f 533/869 561/874 546/873
f 561/874 560/872 562/875
f 562/875 560/872 564/876
f 546/873 561/874 559/877
f 562/875 564/876 519/878
f 509/870 546/873 524/879
f 524/879 546/873 559/877
f 559/877 561/874 567/880
f 567/880 561/874 562/875
f 559/877 567/880 524/879
f 567/880 562/875 572/881
f 562/875 519/878 521/882
f 562/875 521/882 572/881
f 572/881 521/882 567/880
f 567/880 521/882 524/879
f 521/882 519/878 537/883
f 523/884 509/870 524/879
f 523/884 524/879 521/882
f 509/870 523/884 539/885
f 521/882 537/883 542/886
f 521/882 542/886 523/884
f 542/886 537/883 659/887
f 539/885 523/884 545/888
f 539/885 545/888 580/889
f 523/884 542/886 548/890
f 580/889 545/888 581/891
f 580/889 581/891 575/892
f 545/888 523/884 557/893
f 557/893 523/884 548/890
f 545/888 557/893 556/894
f 545/888 556/894 581/891
f 556/894 557/893 602/895
f 556/894 602/895 581/891
f 557/893 548/890 626/896
f 557/893 626/896 602/895
f 657/897 548/890 542/886
f 657/897 542/886 659/887
f 626/896 548/890 623/898
f 623/898 548/890 657/897
f 657/897 659/887 648/899
f 657/897 648/899 623/898
f 648/899 659/887 662/900
f 621/901 645/902 648/899
f 648/899 645/902 624/903
f 648/899 624/903 623/898
f 615/904 626/896 623/898
f 615/904 623/898 624/903
f 626/896 615/904 620/905
f 626/896 620/905 602/895
f 615/904 624/903 428/906
f 615/904 428/906 620/905
f 428/906 624/903 422/907
f 620/905 428/906 426/908
f 428/906 422/907 413/909
f 428/906 413/909 426/908
f 413/909 422/907 464/910
f 413/909 464/910 421/911
f 413/909 421/911 429/912
f 413/909 429/912 449/913
f 620/905 426/908 439/914
f 439/914 426/908 413/909
f 413/909 449/913 419/915
f 413/909 419/915 439/914
f 459/916 419/915 452/917
f 419/915 459/916 438/918
f 419/915 438/918 439/914
f 438/918 459/916 480/919
f 599/920 620/905 439/914
f 620/905 599/920 602/895
f 602/895 599/920 581/891
f 599/920 439/914 584/921
f 584/921 439/914 438/918
f 599/920 584/921 581/891
f 584/921 438/918 480/919
f 581/891 584/921 575/892
f 575/892 584/921 480/919
f 662/922 393/923 381/924
f 381/924 393/923 370/925
f 662/922 381/924 648/926
f 384/927 370/925 357/928
f 370/925 384/927 407/929
f 370/925 407/929 381/924
f 648/926 381/924 410/930
f 381/924 407/929 417/931
f 381/924 417/931 410/930
f 410/930 417/931 648/926
f 417/931 407/929 621/932
f 417/931 621/932 648/926
f 464/933 422/934 446/935
f 645/936 422/934 624/937
f 422/934 645/936 446/935
f 446/935 645/936 491/938
f 491/938 645/936 621/939
f 491/938 621/939 407/940
f 491/938 407/940 415/941
f 415/941 407/940 423/942
f 423/942 407/940 384/943
f 491/938 415/941 427/944
f 491/938 427/944 446/935
f 427/944 415/941 423/942
f 423/942 384/943 652/945
f 446/935 427/944 440/946
f 440/946 427/944 423/942
f 446/935 440/946 464/933
f 440/946 423/942 488/947
f 488/947 423/942 652/945
f 440/946 488/947 464/933
f 488/947 652/945 631/948
f 488/947 631/948 464/933
f 631/948 652/945 633/949
f 464/933 631/948 421/950
f 421/950 631/948 630/951
f 421/950 630/951 628/952
f 826/953 878/954 828/955
f 828/955 878/954 895/956
f 826/953 828/955 730/957
f 730/957 828/955 757/958
f 730/957 757/958 676/959
f 730/957 676/959 86/960
f 86/960 676/959 75/961
f 75/961 676/959 71/962
f 676/959 757/958 772/963
f 772/963 757/958 828/955
f 676/959 772/963 71/962
f 71/962 772/963 666/964
f 71/962 666/964 73/965
f 772/963 828/955 854/966
f 854/966 828/955 895/956
f 666/964 772/963 779/967
f 779/967 772/963 854/966
f 666/964 779/967 783/968
f 783/968 779/967 847/969
f 847/969 779/967 854/966
f 847/969 854/966 895/956
f 847/969 895/956 897/970
f 878/971 826/972 833/973
f 833/973 826/972 730/974
f 878/971 833/973 889/975
f 878/971 889/975 895/976
f 833/973 730/974 760/977
f 760/977 730/974 689/978
f 689/978 730/974 86/979
f 760/977 689/978 741/980
f 760/977 741/980 833/973
f 689/978 86/979 79/981
f 689/978 79/981 741/980
f 79/981 86/979 154/982
f 79/981 154/982 167/983
f 79/981 167/983 76/984
f 76/984 167/983 163/985
f 741/980 79/981 5/986
f 5/986 79/981 76/984
f 76/984 163/985 58/987
f 76/984 58/987 5/986
f 58/987 163/985 143/988
f 741/980 5/986 749/989
f 741/980 749/989 833/973
f 5/986 58/987 752/990
f 5/986 752/990 749/989
f 58/987 143/988 70/991
f 752/990 58/987 762/992
f 762/992 58/987 70/991
f 749/989 752/990 842/993
f 749/989 842/993 833/973
f 70/991 143/988 144/994
f 144/994 143/988 196/995
f 70/991 144/994 80/996
f 70/991 80/996 762/992
f 144/994 196/995 160/997
f 144/994 160/997 80/996
f 160/997 196/995 215/998
f 160/997 215/998 213/999
f 160/997 213/999 162/1000
f 160/997 162/1000 80/996
f 80/996 162/1000 81/1001
f 80/996 81/1001 672/1002
f 80/996 672/1002 748/1003
f 80/996 748/1003 762/992
f 748/1003 672/1002 740/1004
f 748/1003 740/1004 873/1005
f 748/1003 873/1005 851/1006
f 851/1006 873/1005 887/1007
f 762/992 748/1003 827/1008
f 827/1008 748/1003 851/1006
f 762/992 827/1008 822/1009
f 762/992 822/1009 752/990
f 752/990 822/1009 842/993
f 822/1009 827/1008 877/1010
f 822/1009 877/1010 842/993
f 827/1008 851/1006 880/1011
f 827/1008 880/1011 877/1010
f 880/1011 851/1006 887/1007
f 842/993 877/1010 884/1012
f 842/993 884/1012 833/973
f 833/973 884/1012 889/975
f 884/1012 877/1010 911/1013
f 911/1013 877/1010 880/1011
f 884/1012 911/1013 889/975
f 880/1011 887/1007 901/1014
f 880/1011 901/1014 911/1013
f 901/1014 887/1007 904/1015
f 901/1014 904/1015 906/1016
f 911/1013 901/1014 909/1017
f 911/1013 909/1017 889/975
f 909/1017 901/1014 906/1016
f 889/975 909/1017 895/976
f 895/976 909/1017 906/1016
f 895/976 906/1016 897/1018
f 666/1019 783/1020 669/1021
f 666/1019 669/1021 73/1022
f 73/1022 669/1021 59/1023
f 669/1021 783/1020 761/1024
f 669/1021 761/1024 684/1025
f 761/1024 783/1020 845/1026
f 761/1024 845/1026 764/1027
f 845/1026 783/1020 847/1028
f 845/1026 847/1028 897/1029
f 86/1030 75/1031 141/1032
f 141/1032 75/1031 71/1033
f 86/1030 141/1032 140/1034
f 86/1030 140/1034 154/1035
f 141/1032 71/1033 152/1036
f 152/1036 71/1033 73/1037
f 140/1034 141/1032 198/1038
f 141/1032 152/1036 222/1039
f 141/1032 222/1039 198/1038
f 222/1039 152/1036 217/1040
f 217/1040 152/1036 155/1041
f 222/1039 217/1040 235/1042
f 140/1034 198/1038 209/1043
f 140/1034 209/1043 154/1035
f 198/1038 222/1039 246/1044
f 246/1044 222/1039 235/1042
f 198/1038 246/1044 209/1043
f 154/1035 209/1043 204/1045
f 204/1045 209/1043 246/1044
f 154/1035 204/1045 167/1046
f 246/1044 235/1042 237/1047
f 246/1044 237/1047 204/1045
f 237/1047 235/1042 236/1048
f 167/1046 204/1045 211/1049
f 211/1049 204/1045 237/1047
f 167/1046 211/1049 163/1050
f 237/1047 236/1048 244/1051
f 237/1047 244/1051 211/1049
f 244/1051 236/1048 231/1052
f 244/1051 231/1052 213/1053
f 244/1051 213/1053 215/1054
f 244/1051 215/1054 196/1055
f 244/1051 196/1055 211/1049
f 211/1049 196/1055 163/1050
f 163/1050 196/1055 143/1056
f 897/1057 898/1058 845/1059
f 898/1058 897/1057 906/1060
f 898/1058 906/1060 908/1061
f 910/1062 906/1063 904/1064
f 906/1063 910/1062 908/1065
f 910/1062 904/1064 902/1066
f 902/1066 904/1064 883/1067
f 883/1067 904/1064 887/1068
f 883/1067 887/1068 873/1069
f 217/1070 220/1071 243/1072
f 217/1070 243/1072 235/1073
f 235/1073 243/1072 236/1074
f 220/1071 217/1070 155/1075
f 220/1071 155/1075 151/1076
f 151/1076 155/1075 73/1077
f 151/1076 73/1077 59/1078
f 152/1079 73/1080 155/1081
f 230/1082 231/1083 236/1084
f 230/1082 236/1084 243/1085
f 231/1083 230/1082 213/1086
f 213/1086 230/1082 212/1087
f 213/1086 212/1087 159/1088
f 213/1086 159/1088 162/1089
f 162/1089 159/1088 81/1090
f 81/1090 159/1088 78/1091
f 78/1091 159/1088 74/1092
f 684/1093 761/1094 764/1095
f 942/1096 950/1097 949/1098
f 950/1097 942/1096 935/1099
f 950/1097 935/1099 944/1100
f 949/1098 950/1097 985/1101
f 949/1098 985/1101 988/1102
f 988/1102 985/1101 1013/1103
f 1013/1103 985/1101 1018/1104
f 985/1101 950/1097 956/1105
f 956/1105 950/1097 944/1100
f 1018/1104 985/1101 991/1106
f 991/1106 985/1101 956/1105
f 956/1105 944/1100 957/1107
f 957/1107 944/1100 929/1108
f 991/1106 956/1105 978/1109
f 978/1109 956/1105 957/1107
f 1018/1104 991/1106 1002/1110
f 1002/1110 991/1106 978/1109
f 1018/1104 1002/1110 1024/1111
f 1018/1104 1024/1111 1052/1112
f 1052/1112 1024/1111 1021/1113
f 1052/1112 1021/1113 1045/1114
f 1021/1113 1024/1111 993/1115
f 993/1115 1024/1111 1002/1110
f 1002/1110 978/1109 976/1116
f 1002/1110 976/1116 993/1115
f 976/1116 978/1109 957/1107
f 993/1115 976/1116 970/1117
f 993/1115 970/1117 967/1118
f 967/1118 970/1117 941/1119
f 970/1117 976/1116 963/1120
f 963/1120 976/1116 957/1107
f 970/1117 963/1120 941/1119
f 963/1120 957/1107 929/1108
f 941/1119 963/1120 938/1121
f 938/1121 963/1120 929/1108
f 1046/1122 1031/1123 1036/1124
f 1031/1123 1046/1122 1045/1125
f 1045/1126 1046/1127 1052/1128
f 1052/1128 1046/1127 1018/1129
f 1018/1129 1046/1127 1013/1130
f 1032/1131 1031/1132 1045/1133
f 1032/1131 1045/1133 1041/1134
s 0
f 1032/1131 1041/1134 1042/1135
s 1
f 1041/1134 1045/1133 1051/1136
f 1051/1136 1045/1133 1021/1137
f 1042/1135 1041/1134 1050/1138
f 1041/1134 1051/1136 1049/1139
f 1041/1134 1049/1139 1050/1138
f 1051/1136 1021/1137 1023/1140
f 1051/1136 1023/1140 1049/1139
f 1023/1140 1021/1137 995/1141
f 995/1141 1021/1137 993/1142
f 1049/1139 1023/1140 1017/1143
f 1017/1143 1023/1140 995/1141
f 1049/1139 1017/1143 1050/1138
f 995/1141 993/1142 967/1144
f 1040/1145 1042/1135 1050/1138
f 1042/1135 1040/1145 1035/1146
f 1040/1145 1050/1138 1047/1147
f 1035/1146 1040/1145 1026/1148
f 1026/1148 1040/1145 1047/1147
f 1035/1146 1026/1148 1012/1149
f 995/1141 967/1144 971/1150
f 1019/1151 1050/1138 1017/1143
f 1050/1138 1019/1151 1047/1147
f 992/1152 1017/1143 995/1141
f 1017/1143 992/1152 1019/1151
f 992/1152 995/1141 971/1150
f 1019/1151 992/1152 994/1153
f 930/1154 971/1150 967/1144
f 930/1154 967/1144 941/1155
f 930/1154 941/1155 678/1156
f 930/1154 678/1156 700/1157
f 930/1154 700/1157 766/1158
f 930/1154 766/1158 813/1159
f 973/1160 992/1152 971/1150
f 992/1152 973/1160 994/1153
f 940/1161 971/1150 930/1154
f 971/1150 940/1161 973/1160
f 930/1154 813/1159 865/1162
f 865/1162 813/1159 866/1163
f 865/1162 866/1163 853/1164
f 930/1154 865/1162 874/1165
f 874/1165 865/1162 853/1164
f 930/1154 874/1165 940/1161
f 874/1165 853/1164 869/1166
f 869/1166 853/1164 855/1167
f 874/1165 869/1166 940/1161
f 968/1168 973/1160 940/1161
f 973/1160 968/1168 994/1153
f 940/1161 869/1166 820/1169
f 820/1169 869/1166 811/1170
f 811/1170 869/1166 805/1171
f 811/1170 805/1171 778/1172
f 811/1170 778/1172 820/1169
f 820/1169 778/1172 719/1173
f 820/1169 719/1173 940/1161
f 719/1173 778/1172 720/1174
f 720/1174 778/1172 711/1175
f 720/1174 711/1175 26/1176
f 720/1174 26/1176 719/1173
f 719/1173 26/1176 694/1177
f 719/1173 694/1177 940/1161
f 940/1161 694/1177 968/1168
f 968/1168 694/1177 972/1178
f 968/1168 972/1178 994/1153
f 972/1178 694/1177 673/1179
f 972/1178 673/1179 965/1180
f 965/1180 673/1179 6/1181
f 965/1180 6/1181 682/1182
f 972/1178 965/1180 975/1183
f 994/1153 972/1178 996/1184
f 996/1184 972/1178 975/1183
f 994/1153 996/1184 1020/1185
f 994/1153 1020/1185 1019/1151
f 1019/1151 1020/1185 1047/1147
f 1020/1185 996/1184 1016/1186
f 1020/1185 1016/1186 1047/1147
f 1016/1186 996/1184 975/1183
f 1047/1147 1016/1186 1034/1187
f 1047/1147 1034/1187 1026/1148
f 1016/1186 975/1183 1004/1188
f 1016/1186 1004/1188 1034/1187
f 1026/1148 1034/1187 1010/1189
f 1010/1189 1034/1187 1004/1188
f 1026/1148 1010/1189 1012/1149
f 1004/1188 975/1183 974/1190
f 1010/1189 1004/1188 986/1191
f 986/1191 1004/1188 974/1190
f 1012/1149 1010/1189 983/1192
f 983/1192 1010/1189 986/1191
f 1012/1149 983/1192 984/1193
f 984/1193 983/1192 951/1194
f 951/1194 983/1192 986/1191
f 954/1195 974/1190 975/1183
f 974/1190 954/1195 986/1191
f 954/1195 975/1183 965/1180
f 954/1195 965/1180 682/1182
f 986/1191 954/1195 946/1196
f 946/1196 954/1195 682/1182
f 986/1191 946/1196 951/1194
f 946/1196 682/1182 875/1197
f 946/1196 875/1197 951/1194
f 951/1194 875/1197 931/1198
f 309/1199 280/1200 315/1201
f 309/1199 315/1201 335/1202
f 280/1200 309/1199 292/1203
f 309/1199 335/1202 328/1204
f 292/1203 309/1199 298/1205
f 298/1205 309/1199 328/1204
f 328/1204 335/1202 391/1206
f 391/1206 335/1202 387/1207
f 391/1206 387/1207 355/1208
f 391/1206 355/1208 371/1209
f 328/1204 391/1206 348/1210
f 348/1210 391/1206 371/1209
f 298/1205 328/1204 301/1211
f 298/1205 301/1211 292/1203
f 328/1204 348/1210 318/1212
f 328/1204 318/1212 301/1211
f 292/1203 301/1211 296/1213
f 301/1211 318/1212 295/1214
f 301/1211 295/1214 296/1213
f 292/1203 296/1213 259/1215
f 259/1215 296/1213 295/1214
f 292/1203 259/1215 229/1216
f 292/1203 229/1216 49/1217
f 229/1216 259/1215 195/1218
f 195/1218 259/1215 295/1214
f 229/1216 195/1218 2/1219
f 2/1219 195/1218 693/1220
f 693/1220 195/1218 678/1221
f 678/1221 195/1218 22/1222
f 678/1221 22/1222 25/1223
f 25/1223 22/1222 89/1224
f 89/1224 22/1222 195/1218
f 25/1223 89/1224 107/1225
f 107/1225 89/1224 120/1226
f 120/1226 89/1224 125/1227
f 89/1224 195/1218 262/1228
f 89/1224 262/1228 125/1227
f 262/1228 195/1218 295/1214
f 120/1226 125/1227 191/1229
f 191/1229 125/1227 262/1228
f 120/1226 191/1229 175/1230
f 175/1230 191/1229 190/1231
f 190/1231 191/1229 262/1228
f 175/1230 190/1231 178/1232
f 178/1232 190/1231 168/1233
f 168/1233 190/1231 262/1228
f 168/1233 262/1228 266/1234
f 266/1234 262/1228 291/1235
f 291/1235 262/1228 270/1236
f 270/1236 262/1228 295/1214
f 291/1235 270/1236 282/1237
f 282/1237 270/1236 295/1214
f 291/1235 282/1237 321/1238
f 282/1237 295/1214 318/1212
f 321/1238 282/1237 320/1239
f 320/1239 282/1237 318/1212
f 321/1238 320/1239 346/1240
f 320/1239 318/1212 348/1210
f 320/1239 348/1210 345/1241
f 320/1239 345/1241 346/1240
f 345/1241 348/1210 371/1209
f 346/1240 345/1241 402/1242
f 402/1242 345/1241 371/1209
f 346/1240 402/1242 403/1243
f 403/1243 402/1242 408/1244
f 408/1244 402/1242 386/1245
f 386/1245 402/1242 371/1209
f 408/1244 386/1245 435/1246
f 386/1245 371/1209 396/1247
f 396/1247 371/1209 372/1248
f 433/1249 435/1250 396/1251
f 396/1251 435/1250 386/1252
f 435/1250 433/1249 468/1253
f 435/1250 468/1253 475/1254
f 435/1250 475/1254 477/1255
f 475/1254 468/1253 646/1256
f 646/1256 468/1253 643/1257
f 646/1256 643/1257 651/1258
f 475/1254 646/1256 614/1259
f 475/1254 614/1259 477/1255
f 646/1256 651/1258 609/1260
f 646/1256 609/1260 614/1259
f 609/1260 651/1258 520/1261
f 465/1262 435/1250 477/1255
f 465/1262 477/1255 614/1259
f 435/1250 465/1262 437/1263
f 435/1250 437/1263 408/1264
f 408/1264 437/1263 425/1265
f 425/1265 437/1263 465/1262
f 609/1260 520/1261 534/1266
f 534/1266 520/1261 506/1267
f 604/1268 614/1259 609/1260
f 604/1268 609/1260 534/1266
f 619/1269 465/1262 614/1259
f 619/1269 614/1259 604/1268
f 465/1262 619/1269 589/1270
f 534/1266 506/1267 517/1271
f 517/1271 506/1267 518/1272
f 604/1268 534/1266 540/1273
f 540/1273 534/1266 517/1271
f 619/1269 604/1268 597/1274
f 597/1274 604/1268 540/1273
f 619/1269 597/1274 589/1270
f 597/1274 540/1273 547/1275
f 547/1275 540/1273 517/1271
f 597/1274 547/1275 591/1276
f 597/1274 591/1276 589/1270
f 547/1275 517/1271 555/1277
f 547/1275 555/1277 591/1276
f 555/1277 517/1271 553/1278
f 555/1277 553/1278 591/1276
f 454/1279 465/1262 589/1270
f 465/1262 454/1279 425/1265
f 454/1279 589/1270 416/1280
f 454/1279 416/1280 425/1265
f 587/1281 589/1270 591/1276
f 589/1270 587/1281 416/1280
f 593/1282 591/1276 553/1278
f 591/1276 593/1282 587/1281
f 593/1282 553/1278 554/1283
f 554/1283 553/1278 517/1271
f 587/1281 593/1282 579/1284
f 587/1281 579/1284 416/1280
f 593/1282 554/1283 653/1285
f 593/1282 653/1285 579/1284
f 554/1283 517/1271 528/1286
f 554/1283 528/1286 653/1285
f 528/1286 517/1271 518/1272
f 528/1286 518/1272 538/1287
f 528/1286 538/1287 664/1288
f 528/1286 664/1288 653/1285
f 653/1285 664/1288 663/1289
f 483/1290 416/1280 579/1284
f 483/1290 579/1284 608/1291
f 608/1291 579/1284 653/1285
f 416/1280 483/1290 462/1292
f 462/1292 483/1290 608/1291
f 416/1280 462/1292 444/1293
f 416/1280 444/1293 425/1265
f 462/1292 608/1291 625/1294
f 625/1294 608/1291 653/1285
f 444/1293 462/1292 486/1295
f 486/1295 462/1292 625/1294
f 444/1293 486/1295 406/1296
f 406/1296 486/1295 625/1294
f 425/1265 444/1293 414/1297
f 414/1297 444/1293 406/1296
f 425/1265 414/1297 403/1298
f 425/1265 403/1298 408/1264
f 414/1297 406/1296 399/1299
f 414/1297 399/1299 403/1298
f 406/1296 625/1294 644/1300
f 403/1298 399/1299 349/1301
f 403/1298 349/1301 346/1302
f 346/1302 349/1301 321/1303
f 399/1299 406/1296 409/1304
f 409/1304 406/1296 644/1300
f 644/1300 625/1294 637/1305
f 644/1300 637/1305 409/1304
f 637/1305 625/1294 653/1285
f 399/1299 409/1304 400/1306
f 400/1306 409/1304 637/1305
f 399/1299 400/1306 389/1307
f 637/1305 653/1285 660/1308
f 637/1305 660/1308 400/1306
f 400/1306 660/1308 389/1307
f 660/1308 653/1285 663/1289
f 660/1308 663/1289 388/1309
f 660/1308 388/1309 389/1307
f 389/1307 388/1309 384/1310
f 672/1311 695/1312 740/1313
f 740/1313 695/1312 736/1314
f 740/1313 736/1314 873/1315
f 695/1312 672/1311 78/1316
f 78/1316 672/1311 81/1317
f 870/1318 883/1319 873/1320
f 873/1321 736/1322 870/1323
f 691/1324 736/1325 695/1326
f 736/1325 691/1324 701/1327
f 691/1324 695/1326 675/1328
f 701/1327 691/1324 679/1329
f 679/1329 691/1324 675/1328
f 675/1330 695/1331 78/1332
f 675/1330 78/1332 74/1333
f 675/1330 74/1333 679/1334
f 679/1334 74/1333 88/1335
f 88/1335 74/1333 156/1336
f 156/1336 74/1333 159/1337
f 156/1336 159/1337 212/1338
f 900/1339 944/1340 935/1341
f 900/1339 935/1341 903/1342
f 944/1340 900/1339 929/1343
f 900/1339 903/1342 886/1344
f 870/1345 886/1344 883/1346
f 900/1339 886/1344 871/1347
f 871/1347 886/1344 870/1345
f 929/1343 900/1339 759/1348
f 759/1348 900/1339 871/1347
f 929/1343 759/1348 702/1349
f 871/1347 870/1345 737/1350
f 871/1347 737/1350 759/1348
f 737/1350 870/1345 736/1351
f 737/1350 736/1351 701/1352
f 737/1350 701/1352 679/1353
f 737/1350 679/1353 88/1354
f 737/1350 88/1354 681/1355
f 737/1350 681/1355 759/1348
f 759/1348 681/1355 702/1349
f 702/1349 681/1355 49/1356
f 702/1349 49/1356 2/1357
f 938/1358 929/1343 702/1349
f 702/1349 2/1357 799/1359
f 702/1349 799/1359 938/1358
f 799/1359 2/1357 693/1360
f 799/1359 693/1360 938/1358
f 938/1358 693/1360 941/1361
f 64/1362 681/1363 88/1364
f 681/1363 64/1362 49/1365
f 64/1362 88/1364 164/1366
f 64/1362 164/1366 49/1365
f 164/1366 88/1364 156/1367
f 164/1366 156/1367 219/1368
f 219/1368 156/1367 212/1369
f 49/1365 164/1366 194/1370
f 194/1370 164/1366 219/1368
f 49/1365 194/1370 292/1371
f 194/1370 219/1368 280/1372
f 194/1370 280/1372 292/1371
f 229/1373 2/1374 49/1375
f 693/1376 678/1377 941/1378
f 709/1379 766/1380 700/1381
f 709/1379 700/1381 678/1382
f 766/1380 709/1379 705/1383
f 766/1380 705/1383 777/1384
f 705/1383 709/1379 19/1385
f 19/1385 709/1379 678/1382
f 19/1385 678/1382 25/1386
f 19/1385 25/1386 107/1387
f 19/1385 107/1387 106/1388
f 106/1388 107/1387 120/1389
f 106/1388 120/1389 124/1390
f 124/1390 120/1389 183/1391
f 766/1392 810/1393 813/1394
f 810/1393 766/1392 777/1395
f 813/1394 810/1393 866/1396
f 866/1396 810/1393 862/1397
f 866/1396 862/1397 855/1398
f 866/1396 855/1398 853/1399
f 855/1398 862/1397 868/1400
f 855/1398 868/1400 869/1401
f 869/1401 868/1400 805/1402
f 810/1403 801/1404 862/1405
f 862/1405 801/1404 863/1406
f 801/1404 810/1403 777/1407
f 801/1404 777/1407 765/1408
f 765/1408 777/1407 704/1409
f 704/1409 777/1407 705/1410
f 801/1404 765/1408 803/1411
f 801/1404 803/1411 863/1406
f 803/1411 765/1408 771/1412
f 771/1412 765/1408 704/1409
f 863/1406 803/1411 796/1413
f 863/1406 796/1413 817/1414
f 803/1411 771/1412 735/1415
f 803/1411 735/1415 796/1413
f 771/1412 704/1409 714/1416
f 817/1414 796/1413 734/1417
f 734/1417 796/1413 735/1415
f 817/1414 734/1417 746/1418
f 735/1415 771/1412 710/1419
f 710/1419 771/1412 714/1416
f 734/1417 735/1415 729/1420
f 729/1420 735/1415 710/1419
f 746/1418 734/1417 723/1421
f 723/1421 734/1417 729/1420
f 746/1418 723/1421 758/1422
f 710/1419 714/1416 33/1423
f 33/1423 714/1416 704/1409
f 729/1420 710/1419 45/1424
f 710/1419 33/1423 38/1425
f 710/1419 38/1425 45/1424
f 38/1425 33/1423 54/1426
f 38/1425 54/1426 45/1424
f 33/1423 704/1409 20/1427
f 20/1427 704/1409 705/1410
f 20/1427 705/1410 19/1428
f 20/1427 19/1428 106/1429
f 33/1423 20/1427 102/1430
f 102/1430 20/1427 106/1429
f 33/1423 102/1430 54/1426
f 102/1430 106/1429 124/1431
f 83/1432 45/1424 54/1426
f 102/1430 124/1431 117/1433
f 102/1430 117/1433 54/1426
f 83/1432 54/1426 114/1434
f 114/1434 54/1426 117/1433
f 45/1424 83/1432 101/1435
f 101/1435 83/1432 114/1434
f 114/1434 117/1433 133/1436
f 114/1434 133/1436 101/1435
f 182/1437 117/1433 124/1431
f 133/1436 117/1433 184/1438
f 184/1438 117/1433 182/1437
f 182/1437 124/1431 174/1439
f 174/1439 124/1431 183/1440
f 182/1437 174/1439 169/1441
f 169/1441 174/1439 170/1442
f 169/1441 170/1442 127/1443
f 169/1441 127/1443 128/1444
f 182/1437 169/1441 186/1445
f 186/1445 169/1441 128/1444
f 182/1437 186/1445 184/1438
f 186/1445 128/1444 116/1446
f 184/1438 186/1445 134/1447
f 134/1447 186/1445 116/1446
f 184/1438 134/1447 133/1436
f 133/1436 134/1447 101/1435
f 134/1447 116/1446 109/1448
f 134/1447 109/1448 101/1435
f 109/1448 116/1446 65/1449
f 109/1448 65/1449 44/1450
f 109/1448 44/1450 101/1435
f 44/1450 65/1449 37/1451
f 101/1435 44/1450 47/1452
f 101/1435 47/1452 45/1424
f 45/1424 47/1452 729/1420
f 729/1420 47/1452 723/1421
f 47/1452 44/1450 7/1453
f 47/1452 7/1453 723/1421
f 7/1453 44/1450 37/1451
f 723/1421 7/1453 726/1454
f 726/1454 7/1453 37/1451
f 723/1421 726/1454 758/1422
f 726/1454 37/1451 728/1455
f 758/1422 726/1454 743/1456
f 743/1456 726/1454 728/1455
f 175/1457 183/1458 120/1459
f 183/1458 175/1457 170/1460
f 183/1458 170/1460 174/1461
f 170/1460 175/1457 178/1462
f 170/1460 178/1462 127/1463
f 127/1463 178/1462 123/1464
f 127/1463 123/1464 93/1465
s 0
f 1032/1466 1033/1467 1031/1468
s 1
f 1042/1469 1033/1470 1032/1471
f 1012/1472 1011/1473 1035/1474
f 1011/1473 1012/1472 984/1475
f 952/1476 984/1477 951/1478
f 952/1476 951/1478 931/1479
f 275/1480 10/1481 931/1482
f 275/1480 931/1482 51/1483
f 51/1483 931/1482 875/1484
f 51/1483 875/1484 682/1485
f 275/1480 51/1483 272/1486
f 275/1480 272/1486 307/1487
f 51/1483 682/1485 267/1488
f 307/1487 272/1486 311/1489
f 307/1487 311/1489 338/1490
f 272/1486 51/1483 271/1491
f 271/1491 51/1483 267/1488
f 267/1488 682/1485 254/1492
f 254/1492 682/1485 6/1493
f 271/1491 267/1488 289/1494
f 267/1488 254/1492 293/1495
f 267/1488 293/1495 289/1494
f 254/1492 6/1493 260/1496
f 254/1492 260/1496 293/1495
f 260/1496 6/1493 673/1497
f 271/1491 289/1494 306/1498
f 271/1491 306/1498 272/1486
f 289/1494 293/1495 302/1499
f 272/1486 306/1498 310/1500
f 272/1486 310/1500 311/1489
f 306/1498 289/1494 317/1501
f 317/1501 289/1494 302/1499
f 310/1500 306/1498 343/1502
f 343/1502 306/1498 317/1501
f 311/1489 310/1500 337/1503
f 337/1503 310/1500 343/1502
f 311/1489 337/1503 338/1490
f 281/1504 302/1499 293/1495
f 281/1504 293/1495 260/1496
f 331/1505 317/1501 302/1499
f 317/1501 331/1505 343/1502
f 331/1505 302/1499 326/1506
f 326/1506 302/1499 281/1504
f 343/1502 331/1505 359/1507
f 343/1502 359/1507 337/1503
f 331/1505 326/1506 347/1508
f 331/1505 347/1508 359/1507
f 326/1506 281/1504 319/1509
f 326/1506 319/1509 347/1508
f 319/1509 281/1504 287/1510
f 347/1508 319/1509 349/1511
f 349/1511 319/1509 321/1512
f 319/1509 287/1510 291/1513
f 347/1508 349/1511 375/1514
f 347/1508 375/1514 359/1507
f 375/1514 349/1511 399/1515
f 375/1514 399/1515 389/1516
f 291/1513 287/1510 269/1517
f 269/1517 287/1510 281/1504
f 291/1513 269/1517 266/1518
f 269/1517 281/1504 260/1496
f 269/1517 260/1496 266/1518
f 266/1518 260/1496 226/1519
f 226/1519 260/1496 673/1497
f 226/1519 673/1497 694/1520
f 266/1518 226/1519 168/1521
f 226/1519 694/1520 26/1522
f 168/1521 226/1519 123/1523
f 168/1521 123/1523 178/1524
f 123/1523 226/1519 96/1525
f 96/1525 226/1519 26/1522
f 96/1525 26/1522 24/1526
f 352/1527 359/1507 375/1514
f 359/1507 352/1527 337/1503
f 337/1503 352/1527 338/1490
f 338/1490 352/1527 351/1528
f 352/1527 375/1514 358/1529
f 352/1527 358/1529 351/1528
f 358/1529 375/1514 389/1516
f 351/1528 358/1529 357/1530
f 357/1530 358/1529 389/1516
f 357/1530 389/1516 384/1531
f 479/1532 456/1533 578/1534
f 578/1534 456/1533 458/1535
f 458/1535 456/1533 452/1536
f 458/1535 452/1536 419/1537
f 458/1535 419/1537 449/1538
f 458/1535 449/1538 577/1539
f 577/1539 449/1538 592/1540
f 458/1535 577/1539 574/1541
f 458/1535 574/1541 578/1534
f 574/1541 577/1539 592/1540
f 592/1540 449/1538 429/1542
f 592/1540 429/1542 628/1543
f 628/1543 429/1542 421/1544
f 592/1540 628/1543 632/1545
f 592/1540 632/1545 603/1546
f 592/1540 603/1546 574/1541
f 574/1541 603/1546 588/1547
f 574/1541 588/1547 578/1534
f 578/1534 588/1547 596/1548
f 588/1547 603/1546 527/1549
f 588/1547 527/1549 511/1550
f 527/1551 516/1552 511/1553
f 516/1552 527/1551 525/1554
f 516/1552 525/1554 536/1555
f 516/1552 536/1555 549/1556
f 549/1556 536/1555 565/1557
f 549/1556 565/1557 566/1558
f 565/1557 536/1555 563/1559
f 563/1559 536/1555 525/1554
f 566/1558 565/1557 569/1560
f 569/1560 565/1557 563/1559
f 566/1558 569/1560 571/1561
f 563/1559 525/1554 570/1562
f 563/1559 570/1562 569/1560
f 569/1560 570/1562 525/1554
f 569/1560 525/1554 518/1563
f 571/1561 569/1560 573/1564
f 573/1564 569/1560 518/1563
f 571/1561 573/1564 512/1565
f 512/1565 573/1564 518/1563
f 571/1561 512/1565 544/1566
f 518/1563 525/1554 538/1567
f 538/1567 525/1554 531/1568
f 531/1568 525/1554 527/1551
f 538/1567 531/1568 664/1569
f 531/1568 527/1551 541/1570
f 541/1570 527/1551 532/1571
f 532/1571 527/1551 603/1572
f 532/1571 603/1572 632/1573
f 532/1571 632/1573 541/1570
f 531/1568 541/1570 550/1574
f 541/1570 632/1573 655/1575
f 541/1570 655/1575 550/1574
f 550/1574 655/1575 531/1568
f 531/1568 655/1575 664/1569
f 655/1575 632/1573 628/1576
f 655/1575 628/1576 640/1577
f 640/1577 628/1576 630/1578
f 640/1577 630/1578 631/1579
f 664/1569 655/1575 656/1580
f 656/1580 655/1575 640/1577
f 664/1569 656/1580 663/1581
f 640/1577 631/1579 633/1582
f 656/1580 640/1577 374/1583
f 374/1583 640/1577 633/1582
f 663/1581 656/1580 397/1584
f 397/1584 656/1580 374/1583
f 663/1581 397/1584 388/1585
f 388/1585 397/1584 384/1586
f 652/1587 384/1586 633/1582
f 397/1584 374/1583 401/1588
f 397/1584 401/1588 384/1586
f 401/1588 374/1583 633/1582
f 401/1588 633/1582 384/1586
f 858/1589 868/1590 862/1591
f 858/1589 862/1591 863/1592
f 868/1590 858/1589 872/1593
f 858/1589 863/1592 856/1594
f 858/1589 856/1594 872/1593
f 868/1590 872/1593 812/1595
f 812/1595 872/1593 856/1594
f 868/1590 812/1595 805/1596
f 856/1594 863/1592 817/1597
f 805/1596 812/1595 781/1598
f 812/1595 856/1594 802/1599
f 781/1598 812/1595 780/1600
f 780/1600 812/1595 802/1599
f 802/1599 856/1594 795/1601
f 802/1599 795/1601 780/1600
f 856/1594 817/1597 816/1602
f 856/1594 816/1602 795/1601
f 816/1602 817/1597 746/1603
f 816/1602 746/1603 758/1604
f 816/1602 758/1604 743/1605
f 816/1602 743/1605 795/1601
f 780/1600 795/1601 732/1606
f 732/1606 795/1601 743/1605
f 732/1606 743/1605 699/1607
f 732/1606 699/1607 780/1600
f 699/1607 743/1605 728/1608
f 780/1600 699/1607 712/1609
f 780/1600 712/1609 781/1598
f 699/1607 728/1608 21/1610
f 699/1607 21/1610 712/1609
f 21/1610 728/1608 37/1611
f 21/1610 37/1611 65/1612
f 21/1610 65/1612 60/1613
f 60/1613 65/1612 116/1614
f 60/1613 116/1614 100/1615
f 60/1613 100/1615 21/1610
f 100/1615 116/1614 128/1616
f 23/1617 712/1609 21/1610
f 23/1617 21/1610 100/1615
f 713/1618 781/1598 712/1609
f 713/1618 712/1609 23/1617
f 781/1598 713/1618 711/1619
f 711/1619 713/1618 31/1620
f 31/1620 713/1618 23/1617
f 31/1620 23/1617 100/1615
f 95/1621 100/1615 128/1616
f 100/1615 95/1621 31/1620
f 95/1621 128/1616 127/1622
f 31/1620 95/1621 93/1623
f 93/1623 95/1621 127/1622
f 778/1624 805/1625 781/1626
f 778/1624 781/1626 711/1627
f 96/1628 24/1629 93/1630
f 93/1630 24/1629 31/1631
f 31/1631 24/1629 711/1632
f 711/1632 24/1629 26/1633
f 319/1634 291/1635 321/1636
f 96/1637 93/1638 123/1639
